<?xml version="1.0" encoding="UTF-8"?>
<!DOCTYPE package-data SYSTEM "package-data-v1-5.dtd">
<package-data lang="en" dtd-version="1.5" file="packagedata-pkda.xml" produced-by="IB" date-produced="20250313">
    <transmittal-info>
        <office-to-office>
            <first-named-applicant>
                <name>NISHIZAWA Katsuya</name>
            </first-named-applicant>
            <application-reference appl-type="international">
                <document-id>
                    <country>JP</country>
                    <doc-number>JP2024/032823</doc-number>
                    <date>20240913</date>
                </document-id>
            </application-reference>
        </office-to-office>
    </transmittal-info>
    <signatories>
        <signatory>
            <name>International Bureau of WIPO</name>
            <electronic-signature date="20250313">
                <basic-signature>
                    <text-string>/International Bureau/</text-string>
                </basic-signature>
            </electronic-signature>
        </signatory>
    </signatories>
    <published-application file="wo-published-application.xml"/>
    <other-documents>
        <other-doc file="pag.lst" file-type="txt">
            <document-name>PAMSCAN index file</document-name>
        </other-doc>
    </other-documents>
</package-data>