<?xml version="1.0" encoding="UTF-8"?>
<wo-published-application date-produced="20250327" dtd-version="1.7" file="wo-published-application.xml" lang="ja" produced-by="IB">
<wo-bibliographic-data lang="ja" produced-by="IB">
<publication-reference>
<document-id lang="ja">
<country>WO</country>
<doc-number>2025/063136</doc-number>
<kind>A2</kind>
<date>20250327</date>
</document-id>
</publication-reference>
<wo-publication-info>
<pct-pub-info>
<wo-published-text>
<wo-text-letter-code>z</wo-text-letter-code>
</wo-published-text>
</pct-pub-info>
<wo-pubnum>13/2025</wo-pubnum>
</wo-publication-info>
<application-reference appl-type="international">
<document-id lang="ja">
<country>JP</country>
<doc-number>JP2024/032823</doc-number>
<date>20240913</date>
</document-id>
</application-reference>
<invention-title lang="en">MUON DECELERATION SYSTEM, NUCLEAR TRANSMUTATION SYSTEM, CONTAINER, AND DEVICE</invention-title>
<invention-title lang="fr">SYSTÈME DE DÉCÉLÉRATION DE MUONS, SYSTÈME DE TRANSMUTATION NUCLÉAIRE, RÉCIPIENT, ET DISPOSITIF</invention-title>
<invention-title lang="ja">ミュオン減速システム、核変換システム、容器、装置</invention-title>
<parties>
<applicants>
<applicant app-type="applicant-inventor" designation="all" sequence="1">
<addressbook lang="en">
<name>NISHIZAWA Katsuya</name>
<address>
<address-1>515-2, Yoshida, Ueda-shi, Nagano</address-1>
<address-2>3861105</address-2>
<postcode>〒3861105</postcode>
<country>JP</country>
</address>
</addressbook>
<addressbook lang="ja">
<name>西沢　克弥</name>
<address>
<address-1>〒3861105 長野県上田市吉田５１５番地２ Nagano</address-1>
<postcode>〒3861105</postcode>
<country>JP</country>
</address>
</addressbook>
<nationality>
<country>JP</country>
</nationality>
<residence>
<country>JP</country>
</residence>
</applicant>
</applicants>
</parties>
<designation-of-states>
<designation-pct>
<regional>
<region>
<country>EP</country>
</region>
<country>AL</country>
<protection-request>
<kind-of-protection>patent</kind-of-protection>
</protection-request>
<country>AT</country>
<protection-request>
<kind-of-protection>patent</kind-of-protection>
</protection-request>
<country>BE</country>
<protection-request>
<kind-of-protection>patent</kind-of-protection>
</protection-request>
<country>BG</country>
<protection-request>
<kind-of-protection>patent</kind-of-protection>
</protection-request>
<country>CH</country>
<protection-request>
<kind-of-protection>patent</kind-of-protection>
</protection-request>
<country>CY</country>
<protection-request>
<kind-of-protection>patent</kind-of-protection>
</protection-request>
<country>CZ</country>
<protection-request>
<kind-of-protection>patent</kind-of-protection>
</protection-request>
<country>DE</country>
<protection-request>
<kind-of-protection>patent</kind-of-protection>
</protection-request>
<country>DK</country>
<protection-request>
<kind-of-protection>patent</kind-of-protection>
</protection-request>
<country>EE</country>
<protection-request>
<kind-of-protection>patent</kind-of-protection>
</protection-request>
<country>ES</country>
<protection-request>
<kind-of-protection>patent</kind-of-protection>
</protection-request>
<country>FI</country>
<protection-request>
<kind-of-protection>patent</kind-of-protection>
</protection-request>
<country>FR</country>
<protection-request>
<kind-of-protection>patent</kind-of-protection>
</protection-request>
<country>GB</country>
<protection-request>
<kind-of-protection>patent</kind-of-protection>
</protection-request>
<country>GR</country>
<protection-request>
<kind-of-protection>patent</kind-of-protection>
</protection-request>
<country>HR</country>
<protection-request>
<kind-of-protection>patent</kind-of-protection>
</protection-request>
<country>HU</country>
<protection-request>
<kind-of-protection>patent</kind-of-protection>
</protection-request>
<country>IE</country>
<protection-request>
<kind-of-protection>patent</kind-of-protection>
</protection-request>
<country>IS</country>
<protection-request>
<kind-of-protection>patent</kind-of-protection>
</protection-request>
<country>IT</country>
<protection-request>
<kind-of-protection>patent</kind-of-protection>
</protection-request>
<country>LT</country>
<protection-request>
<kind-of-protection>patent</kind-of-protection>
</protection-request>
<country>LU</country>
<protection-request>
<kind-of-protection>patent</kind-of-protection>
</protection-request>
<country>LV</country>
<protection-request>
<kind-of-protection>patent</kind-of-protection>
</protection-request>
<country>MC</country>
<protection-request>
<kind-of-protection>patent</kind-of-protection>
</protection-request>
<country>ME</country>
<protection-request>
<kind-of-protection>patent</kind-of-protection>
</protection-request>
<country>MK</country>
<protection-request>
<kind-of-protection>patent</kind-of-protection>
</protection-request>
<country>MT</country>
<protection-request>
<kind-of-protection>patent</kind-of-protection>
</protection-request>
<country>NL</country>
<protection-request>
<kind-of-protection>patent</kind-of-protection>
</protection-request>
<country>NO</country>
<protection-request>
<kind-of-protection>patent</kind-of-protection>
</protection-request>
<country>PL</country>
<protection-request>
<kind-of-protection>patent</kind-of-protection>
</protection-request>
<country>PT</country>
<protection-request>
<kind-of-protection>patent</kind-of-protection>
</protection-request>
<country>RO</country>
<protection-request>
<kind-of-protection>patent</kind-of-protection>
</protection-request>
<country>RS</country>
<protection-request>
<kind-of-protection>patent</kind-of-protection>
</protection-request>
<country>SE</country>
<protection-request>
<kind-of-protection>patent</kind-of-protection>
</protection-request>
<country>SI</country>
<protection-request>
<kind-of-protection>patent</kind-of-protection>
</protection-request>
<country>SK</country>
<protection-request>
<kind-of-protection>patent</kind-of-protection>
</protection-request>
<country>SM</country>
<protection-request>
<kind-of-protection>patent</kind-of-protection>
</protection-request>
<country>TR</country>
<protection-request>
<kind-of-protection>patent</kind-of-protection>
</protection-request>
</regional>
<regional>
<region>
<country>OA</country>
</region>
<country>BF</country>
<protection-request>
<kind-of-protection>patent</kind-of-protection>
</protection-request>
<protection-request>
<kind-of-protection>utility-model</kind-of-protection>
</protection-request>
<country>BJ</country>
<protection-request>
<kind-of-protection>patent</kind-of-protection>
</protection-request>
<protection-request>
<kind-of-protection>utility-model</kind-of-protection>
</protection-request>
<country>CF</country>
<protection-request>
<kind-of-protection>patent</kind-of-protection>
</protection-request>
<protection-request>
<kind-of-protection>utility-model</kind-of-protection>
</protection-request>
<country>CG</country>
<protection-request>
<kind-of-protection>patent</kind-of-protection>
</protection-request>
<protection-request>
<kind-of-protection>utility-model</kind-of-protection>
</protection-request>
<country>CI</country>
<protection-request>
<kind-of-protection>patent</kind-of-protection>
</protection-request>
<protection-request>
<kind-of-protection>utility-model</kind-of-protection>
</protection-request>
<country>CM</country>
<protection-request>
<kind-of-protection>patent</kind-of-protection>
</protection-request>
<protection-request>
<kind-of-protection>utility-model</kind-of-protection>
</protection-request>
<country>GA</country>
<protection-request>
<kind-of-protection>patent</kind-of-protection>
</protection-request>
<protection-request>
<kind-of-protection>utility-model</kind-of-protection>
</protection-request>
<country>GN</country>
<protection-request>
<kind-of-protection>patent</kind-of-protection>
</protection-request>
<protection-request>
<kind-of-protection>utility-model</kind-of-protection>
</protection-request>
<country>GQ</country>
<protection-request>
<kind-of-protection>patent</kind-of-protection>
</protection-request>
<protection-request>
<kind-of-protection>utility-model</kind-of-protection>
</protection-request>
<country>GW</country>
<protection-request>
<kind-of-protection>patent</kind-of-protection>
</protection-request>
<protection-request>
<kind-of-protection>utility-model</kind-of-protection>
</protection-request>
<country>KM</country>
<protection-request>
<kind-of-protection>patent</kind-of-protection>
</protection-request>
<protection-request>
<kind-of-protection>utility-model</kind-of-protection>
</protection-request>
<country>ML</country>
<protection-request>
<kind-of-protection>patent</kind-of-protection>
</protection-request>
<protection-request>
<kind-of-protection>utility-model</kind-of-protection>
</protection-request>
<country>MR</country>
<protection-request>
<kind-of-protection>patent</kind-of-protection>
</protection-request>
<protection-request>
<kind-of-protection>utility-model</kind-of-protection>
</protection-request>
<country>NE</country>
<protection-request>
<kind-of-protection>patent</kind-of-protection>
</protection-request>
<protection-request>
<kind-of-protection>utility-model</kind-of-protection>
</protection-request>
<country>SN</country>
<protection-request>
<kind-of-protection>patent</kind-of-protection>
</protection-request>
<protection-request>
<kind-of-protection>utility-model</kind-of-protection>
</protection-request>
<country>TD</country>
<protection-request>
<kind-of-protection>patent</kind-of-protection>
</protection-request>
<protection-request>
<kind-of-protection>utility-model</kind-of-protection>
</protection-request>
<country>TG</country>
<protection-request>
<kind-of-protection>patent</kind-of-protection>
</protection-request>
<protection-request>
<kind-of-protection>utility-model</kind-of-protection>
</protection-request>
</regional>
<regional>
<region>
<country>AP</country>
</region>
<country>BW</country>
<protection-request>
<kind-of-protection>patent</kind-of-protection>
</protection-request>
<protection-request>
<kind-of-protection>utility-model</kind-of-protection>
</protection-request>
<country>CV</country>
<protection-request>
<kind-of-protection>patent</kind-of-protection>
</protection-request>
<protection-request>
<kind-of-protection>utility-model</kind-of-protection>
</protection-request>
<country>GH</country>
<protection-request>
<kind-of-protection>patent</kind-of-protection>
</protection-request>
<protection-request>
<kind-of-protection>utility-model</kind-of-protection>
</protection-request>
<country>GM</country>
<protection-request>
<kind-of-protection>patent</kind-of-protection>
</protection-request>
<protection-request>
<kind-of-protection>utility-model</kind-of-protection>
</protection-request>
<country>KE</country>
<protection-request>
<kind-of-protection>patent</kind-of-protection>
</protection-request>
<protection-request>
<kind-of-protection>utility-model</kind-of-protection>
</protection-request>
<country>LR</country>
<protection-request>
<kind-of-protection>patent</kind-of-protection>
</protection-request>
<protection-request>
<kind-of-protection>utility-model</kind-of-protection>
</protection-request>
<country>LS</country>
<protection-request>
<kind-of-protection>patent</kind-of-protection>
</protection-request>
<protection-request>
<kind-of-protection>utility-model</kind-of-protection>
</protection-request>
<country>MW</country>
<protection-request>
<kind-of-protection>patent</kind-of-protection>
</protection-request>
<protection-request>
<kind-of-protection>utility-model</kind-of-protection>
</protection-request>
<country>MZ</country>
<protection-request>
<kind-of-protection>patent</kind-of-protection>
</protection-request>
<protection-request>
<kind-of-protection>utility-model</kind-of-protection>
</protection-request>
<country>NA</country>
<protection-request>
<kind-of-protection>patent</kind-of-protection>
</protection-request>
<protection-request>
<kind-of-protection>utility-model</kind-of-protection>
</protection-request>
<country>RW</country>
<protection-request>
<kind-of-protection>patent</kind-of-protection>
</protection-request>
<protection-request>
<kind-of-protection>utility-model</kind-of-protection>
</protection-request>
<country>SC</country>
<protection-request>
<kind-of-protection>patent</kind-of-protection>
</protection-request>
<protection-request>
<kind-of-protection>utility-model</kind-of-protection>
</protection-request>
<country>SD</country>
<protection-request>
<kind-of-protection>patent</kind-of-protection>
</protection-request>
<protection-request>
<kind-of-protection>utility-model</kind-of-protection>
</protection-request>
<country>SL</country>
<protection-request>
<kind-of-protection>patent</kind-of-protection>
</protection-request>
<protection-request>
<kind-of-protection>utility-model</kind-of-protection>
</protection-request>
<country>ST</country>
<protection-request>
<kind-of-protection>patent</kind-of-protection>
</protection-request>
<protection-request>
<kind-of-protection>utility-model</kind-of-protection>
</protection-request>
<country>SZ</country>
<protection-request>
<kind-of-protection>patent</kind-of-protection>
</protection-request>
<protection-request>
<kind-of-protection>utility-model</kind-of-protection>
</protection-request>
<country>TZ</country>
<protection-request>
<kind-of-protection>patent</kind-of-protection>
</protection-request>
<protection-request>
<kind-of-protection>utility-model</kind-of-protection>
</protection-request>
<country>UG</country>
<protection-request>
<kind-of-protection>patent</kind-of-protection>
</protection-request>
<protection-request>
<kind-of-protection>utility-model</kind-of-protection>
</protection-request>
<country>ZM</country>
<protection-request>
<kind-of-protection>patent</kind-of-protection>
</protection-request>
<protection-request>
<kind-of-protection>utility-model</kind-of-protection>
</protection-request>
<country>ZW</country>
<protection-request>
<kind-of-protection>patent</kind-of-protection>
</protection-request>
<protection-request>
<kind-of-protection>utility-model</kind-of-protection>
</protection-request>
</regional>
<regional>
<region>
<country>EA</country>
</region>
<country>AM</country>
<protection-request>
<kind-of-protection>patent</kind-of-protection>
</protection-request>
<country>AZ</country>
<protection-request>
<kind-of-protection>patent</kind-of-protection>
</protection-request>
<country>BY</country>
<protection-request>
<kind-of-protection>patent</kind-of-protection>
</protection-request>
<country>KG</country>
<protection-request>
<kind-of-protection>patent</kind-of-protection>
</protection-request>
<country>KZ</country>
<protection-request>
<kind-of-protection>patent</kind-of-protection>
</protection-request>
<country>RU</country>
<protection-request>
<kind-of-protection>patent</kind-of-protection>
</protection-request>
<country>TJ</country>
<protection-request>
<kind-of-protection>patent</kind-of-protection>
</protection-request>
<country>TM</country>
<protection-request>
<kind-of-protection>patent</kind-of-protection>
</protection-request>
</regional>
<national>
<country>AE</country>
<protection-request>
<kind-of-protection>patent</kind-of-protection>
</protection-request>
<protection-request>
<kind-of-protection>utility-model</kind-of-protection>
</protection-request>
<country>AG</country>
<protection-request>
<kind-of-protection>patent</kind-of-protection>
</protection-request>
<protection-request>
<kind-of-protection>utility-model-certificate</kind-of-protection>
</protection-request>
<country>AL</country>
<protection-request>
<kind-of-protection>patent</kind-of-protection>
</protection-request>
<protection-request>
<kind-of-protection>utility-model</kind-of-protection>
</protection-request>
<country>AM</country>
<protection-request>
<kind-of-protection>patent</kind-of-protection>
</protection-request>
<country>AO</country>
<protection-request>
<kind-of-protection>patent</kind-of-protection>
</protection-request>
<protection-request>
<kind-of-protection>utility-model</kind-of-protection>
</protection-request>
<country>AT</country>
<protection-request>
<kind-of-protection>patent</kind-of-protection>
</protection-request>
<protection-request>
<kind-of-protection>utility-model</kind-of-protection>
</protection-request>
<country>AU</country>
<protection-request>
<kind-of-protection>patent</kind-of-protection>
</protection-request>
<country>AZ</country>
<protection-request>
<kind-of-protection>patent</kind-of-protection>
</protection-request>
<protection-request>
<kind-of-protection>utility-model</kind-of-protection>
</protection-request>
<country>BA</country>
<protection-request>
<kind-of-protection>consensual-patent</kind-of-protection>
</protection-request>
<protection-request>
<kind-of-protection>patent</kind-of-protection>
</protection-request>
<country>BB</country>
<protection-request>
<kind-of-protection>patent</kind-of-protection>
</protection-request>
<country>BG</country>
<protection-request>
<kind-of-protection>patent</kind-of-protection>
</protection-request>
<protection-request>
<kind-of-protection>utility-model</kind-of-protection>
</protection-request>
<country>BH</country>
<protection-request>
<kind-of-protection>patent</kind-of-protection>
</protection-request>
<protection-request>
<kind-of-protection>utility-model</kind-of-protection>
</protection-request>
<country>BN</country>
<protection-request>
<kind-of-protection>patent</kind-of-protection>
</protection-request>
<country>BR</country>
<protection-request>
<kind-of-protection>patent</kind-of-protection>
</protection-request>
<protection-request>
<kind-of-protection>utility-model</kind-of-protection>
</protection-request>
<country>BW</country>
<protection-request>
<kind-of-protection>patent</kind-of-protection>
</protection-request>
<protection-request>
<kind-of-protection>utility-model-certificate</kind-of-protection>
</protection-request>
<country>BY</country>
<protection-request>
<kind-of-protection>patent</kind-of-protection>
</protection-request>
<protection-request>
<kind-of-protection>utility-model</kind-of-protection>
</protection-request>
<country>BZ</country>
<protection-request>
<kind-of-protection>patent</kind-of-protection>
</protection-request>
<protection-request>
<kind-of-protection>utility-model</kind-of-protection>
</protection-request>
<country>CA</country>
<protection-request>
<kind-of-protection>patent</kind-of-protection>
</protection-request>
<country>CH</country>
<protection-request>
<kind-of-protection>patent</kind-of-protection>
</protection-request>
<country>CL</country>
<protection-request>
<kind-of-protection>patent</kind-of-protection>
</protection-request>
<protection-request>
<kind-of-protection>utility-model</kind-of-protection>
</protection-request>
<country>CN</country>
<protection-request>
<kind-of-protection>patent</kind-of-protection>
</protection-request>
<protection-request>
<kind-of-protection>utility-model</kind-of-protection>
</protection-request>
<country>CO</country>
<protection-request>
<kind-of-protection>patent</kind-of-protection>
</protection-request>
<protection-request>
<kind-of-protection>utility-model</kind-of-protection>
</protection-request>
<country>CR</country>
<protection-request>
<kind-of-protection>patent</kind-of-protection>
</protection-request>
<protection-request>
<kind-of-protection>utility-model</kind-of-protection>
</protection-request>
<country>CU</country>
<protection-request>
<kind-of-protection>patent</kind-of-protection>
</protection-request>
<protection-request>
<kind-of-protection>utility-model</kind-of-protection>
</protection-request>
<country>CV</country>
<protection-request>
<kind-of-protection>patent</kind-of-protection>
</protection-request>
<protection-request>
<kind-of-protection>provisional-patent</kind-of-protection>
</protection-request>
<protection-request>
<kind-of-protection>utility-model</kind-of-protection>
</protection-request>
<country>CZ</country>
<protection-request>
<kind-of-protection>patent</kind-of-protection>
</protection-request>
<protection-request>
<kind-of-protection>utility-model</kind-of-protection>
</protection-request>
<country>DE</country>
<protection-request>
<kind-of-protection>patent</kind-of-protection>
</protection-request>
<protection-request>
<kind-of-protection>utility-model</kind-of-protection>
</protection-request>
<country>DJ</country>
<protection-request>
<kind-of-protection>patent</kind-of-protection>
</protection-request>
<country>DK</country>
<protection-request>
<kind-of-protection>patent</kind-of-protection>
</protection-request>
<protection-request>
<kind-of-protection>utility-model</kind-of-protection>
</protection-request>
<country>DM</country>
<protection-request>
<kind-of-protection>patent</kind-of-protection>
</protection-request>
<country>DO</country>
<protection-request>
<kind-of-protection>patent</kind-of-protection>
</protection-request>
<protection-request>
<kind-of-protection>utility-model</kind-of-protection>
</protection-request>
<country>DZ</country>
<protection-request>
<kind-of-protection>patent</kind-of-protection>
</protection-request>
<country>EC</country>
<protection-request>
<kind-of-protection>patent</kind-of-protection>
</protection-request>
<protection-request>
<kind-of-protection>utility-model</kind-of-protection>
</protection-request>
<country>EE</country>
<protection-request>
<kind-of-protection>patent</kind-of-protection>
</protection-request>
<protection-request>
<kind-of-protection>utility-model</kind-of-protection>
</protection-request>
<country>EG</country>
<protection-request>
<kind-of-protection>patent</kind-of-protection>
</protection-request>
<protection-request>
<kind-of-protection>utility-model</kind-of-protection>
</protection-request>
<country>ES</country>
<protection-request>
<kind-of-protection>patent</kind-of-protection>
</protection-request>
<protection-request>
<kind-of-protection>utility-model</kind-of-protection>
</protection-request>
<country>FI</country>
<protection-request>
<kind-of-protection>patent</kind-of-protection>
</protection-request>
<protection-request>
<kind-of-protection>utility-model</kind-of-protection>
</protection-request>
<country>GB</country>
<protection-request>
<kind-of-protection>patent</kind-of-protection>
</protection-request>
<country>GD</country>
<protection-request>
<kind-of-protection>patent</kind-of-protection>
</protection-request>
<country>GE</country>
<protection-request>
<kind-of-protection>patent</kind-of-protection>
</protection-request>
<protection-request>
<kind-of-protection>utility-model</kind-of-protection>
</protection-request>
<country>GH</country>
<protection-request>
<kind-of-protection>patent</kind-of-protection>
</protection-request>
<protection-request>
<kind-of-protection>utility-certificate</kind-of-protection>
</protection-request>
<country>GM</country>
<protection-request>
<kind-of-protection>patent</kind-of-protection>
</protection-request>
<protection-request>
<kind-of-protection>utility-model</kind-of-protection>
</protection-request>
<country>GT</country>
<protection-request>
<kind-of-protection>patent</kind-of-protection>
</protection-request>
<protection-request>
<kind-of-protection>utility-model</kind-of-protection>
</protection-request>
<country>HN</country>
<protection-request>
<kind-of-protection>patent</kind-of-protection>
</protection-request>
<protection-request>
<kind-of-protection>utility-model</kind-of-protection>
</protection-request>
<country>HR</country>
<protection-request>
<kind-of-protection>consensual-patent</kind-of-protection>
</protection-request>
<protection-request>
<kind-of-protection>patent</kind-of-protection>
</protection-request>
<country>HU</country>
<protection-request>
<kind-of-protection>patent</kind-of-protection>
</protection-request>
<protection-request>
<kind-of-protection>utility-model</kind-of-protection>
</protection-request>
<country>ID</country>
<protection-request>
<kind-of-protection>patent</kind-of-protection>
</protection-request>
<country>IL</country>
<protection-request>
<kind-of-protection>patent</kind-of-protection>
</protection-request>
<country>IN</country>
<protection-request>
<kind-of-protection>patent</kind-of-protection>
</protection-request>
<country>IQ</country>
<protection-request>
<kind-of-protection>patent</kind-of-protection>
</protection-request>
<country>IR</country>
<protection-request>
<kind-of-protection>patent</kind-of-protection>
</protection-request>
<country>IS</country>
<protection-request>
<kind-of-protection>patent</kind-of-protection>
</protection-request>
<country>IT</country>
<protection-request>
<kind-of-protection>patent</kind-of-protection>
</protection-request>
<protection-request>
<kind-of-protection>utility-model</kind-of-protection>
</protection-request>
<country>JM</country>
<protection-request>
<kind-of-protection>patent</kind-of-protection>
</protection-request>
<protection-request>
<kind-of-protection>utility-model</kind-of-protection>
</protection-request>
<country>JO</country>
<protection-request>
<kind-of-protection>patent</kind-of-protection>
</protection-request>
<country>KE</country>
<protection-request>
<kind-of-protection>patent</kind-of-protection>
</protection-request>
<protection-request>
<kind-of-protection>utility-model</kind-of-protection>
</protection-request>
<country>KG</country>
<protection-request>
<kind-of-protection>patent</kind-of-protection>
</protection-request>
<protection-request>
<kind-of-protection>utility-model</kind-of-protection>
</protection-request>
<country>KH</country>
<protection-request>
<kind-of-protection>patent</kind-of-protection>
</protection-request>
<protection-request>
<kind-of-protection>utility-model</kind-of-protection>
</protection-request>
<country>KN</country>
<protection-request>
<kind-of-protection>patent</kind-of-protection>
</protection-request>
<protection-request>
<kind-of-protection>utility-certificate</kind-of-protection>
</protection-request>
<country>KP</country>
<protection-request>
<kind-of-protection>inventor-certificate</kind-of-protection>
</protection-request>
<protection-request>
<kind-of-protection>patent</kind-of-protection>
</protection-request>
<protection-request>
<kind-of-protection>petty-patent</kind-of-protection>
</protection-request>
<country>KR</country>
<protection-request>
<kind-of-protection>patent</kind-of-protection>
</protection-request>
<protection-request>
<kind-of-protection>utility-model</kind-of-protection>
</protection-request>
<country>KW</country>
<protection-request>
<kind-of-protection>patent</kind-of-protection>
</protection-request>
<country>KZ</country>
<protection-request>
<kind-of-protection>patent</kind-of-protection>
</protection-request>
<protection-request>
<kind-of-protection>utility-model</kind-of-protection>
</protection-request>
<country>LA</country>
<protection-request>
<kind-of-protection>patent</kind-of-protection>
</protection-request>
<protection-request>
<kind-of-protection>utility-model</kind-of-protection>
</protection-request>
<country>LC</country>
<protection-request>
<kind-of-protection>patent</kind-of-protection>
</protection-request>
<country>LK</country>
<protection-request>
<kind-of-protection>patent</kind-of-protection>
</protection-request>
<country>LR</country>
<protection-request>
<kind-of-protection>patent</kind-of-protection>
</protection-request>
<protection-request>
<kind-of-protection>utility-model</kind-of-protection>
</protection-request>
<country>LS</country>
<protection-request>
<kind-of-protection>patent</kind-of-protection>
</protection-request>
<protection-request>
<kind-of-protection>utility-model</kind-of-protection>
</protection-request>
<country>LU</country>
<protection-request>
<kind-of-protection>patent</kind-of-protection>
</protection-request>
<country>LY</country>
<protection-request>
<kind-of-protection>patent</kind-of-protection>
</protection-request>
<country>MA</country>
<protection-request>
<kind-of-protection>patent</kind-of-protection>
</protection-request>
<country>MD</country>
<protection-request>
<kind-of-protection>patent</kind-of-protection>
</protection-request>
<country>MG</country>
<protection-request>
<kind-of-protection>patent</kind-of-protection>
</protection-request>
<country>MK</country>
<protection-request>
<kind-of-protection>patent</kind-of-protection>
</protection-request>
<country>MN</country>
<protection-request>
<kind-of-protection>patent</kind-of-protection>
</protection-request>
<country>MU</country>
<protection-request>
<kind-of-protection>patent</kind-of-protection>
</protection-request>
<protection-request>
<kind-of-protection>utility-model</kind-of-protection>
</protection-request>
<country>MW</country>
<protection-request>
<kind-of-protection>patent</kind-of-protection>
</protection-request>
<country>MX</country>
<protection-request>
<kind-of-protection>patent</kind-of-protection>
</protection-request>
<protection-request>
<kind-of-protection>utility-model</kind-of-protection>
</protection-request>
<country>MY</country>
<protection-request>
<kind-of-protection>patent</kind-of-protection>
</protection-request>
<protection-request>
<kind-of-protection>utility-innovation</kind-of-protection>
</protection-request>
<country>MZ</country>
<protection-request>
<kind-of-protection>patent</kind-of-protection>
</protection-request>
<protection-request>
<kind-of-protection>utility-model</kind-of-protection>
</protection-request>
<country>NA</country>
<protection-request>
<kind-of-protection>patent</kind-of-protection>
</protection-request>
<country>NG</country>
<protection-request>
<kind-of-protection>patent</kind-of-protection>
</protection-request>
<country>NI</country>
<protection-request>
<kind-of-protection>patent</kind-of-protection>
</protection-request>
<protection-request>
<kind-of-protection>utility-model</kind-of-protection>
</protection-request>
<country>NO</country>
<protection-request>
<kind-of-protection>patent</kind-of-protection>
</protection-request>
<country>NZ</country>
<protection-request>
<kind-of-protection>patent</kind-of-protection>
</protection-request>
<country>OM</country>
<protection-request>
<kind-of-protection>patent</kind-of-protection>
</protection-request>
<protection-request>
<kind-of-protection>utility-model</kind-of-protection>
</protection-request>
<country>PA</country>
<protection-request>
<kind-of-protection>patent</kind-of-protection>
</protection-request>
<protection-request>
<kind-of-protection>utility-model</kind-of-protection>
</protection-request>
<country>PE</country>
<protection-request>
<kind-of-protection>patent</kind-of-protection>
</protection-request>
<protection-request>
<kind-of-protection>utility-model</kind-of-protection>
</protection-request>
<country>PG</country>
<protection-request>
<kind-of-protection>patent</kind-of-protection>
</protection-request>
<country>PH</country>
<protection-request>
<kind-of-protection>patent</kind-of-protection>
</protection-request>
<protection-request>
<kind-of-protection>utility-model</kind-of-protection>
</protection-request>
<country>PL</country>
<protection-request>
<kind-of-protection>patent</kind-of-protection>
</protection-request>
<protection-request>
<kind-of-protection>utility-model</kind-of-protection>
</protection-request>
<country>PT</country>
<protection-request>
<kind-of-protection>patent</kind-of-protection>
</protection-request>
<protection-request>
<kind-of-protection>utility-model</kind-of-protection>
</protection-request>
<country>QA</country>
<protection-request>
<kind-of-protection>patent</kind-of-protection>
</protection-request>
<country>RO</country>
<protection-request>
<kind-of-protection>patent</kind-of-protection>
</protection-request>
<protection-request>
<kind-of-protection>utility-model</kind-of-protection>
</protection-request>
<country>RS</country>
<protection-request>
<kind-of-protection>patent</kind-of-protection>
</protection-request>
<protection-request>
<kind-of-protection>petty-patent</kind-of-protection>
</protection-request>
<country>RU</country>
<protection-request>
<kind-of-protection>patent</kind-of-protection>
</protection-request>
<protection-request>
<kind-of-protection>utility-model</kind-of-protection>
</protection-request>
<country>RW</country>
<protection-request>
<kind-of-protection>patent</kind-of-protection>
</protection-request>
<protection-request>
<kind-of-protection>utility-model</kind-of-protection>
</protection-request>
<country>SA</country>
<protection-request>
<kind-of-protection>patent</kind-of-protection>
</protection-request>
<country>SC</country>
<protection-request>
<kind-of-protection>patent</kind-of-protection>
</protection-request>
<country>SD</country>
<protection-request>
<kind-of-protection>patent</kind-of-protection>
</protection-request>
<country>SE</country>
<protection-request>
<kind-of-protection>patent</kind-of-protection>
</protection-request>
<country>SG</country>
<protection-request>
<kind-of-protection>patent</kind-of-protection>
</protection-request>
<country>SK</country>
<protection-request>
<kind-of-protection>patent</kind-of-protection>
</protection-request>
<protection-request>
<kind-of-protection>utility-model</kind-of-protection>
</protection-request>
<country>SL</country>
<protection-request>
<kind-of-protection>patent</kind-of-protection>
</protection-request>
<protection-request>
<kind-of-protection>utility-model</kind-of-protection>
</protection-request>
<country>ST</country>
<protection-request>
<kind-of-protection>patent</kind-of-protection>
</protection-request>
<country>SV</country>
<protection-request>
<kind-of-protection>patent</kind-of-protection>
</protection-request>
<protection-request>
<kind-of-protection>utility-model</kind-of-protection>
</protection-request>
<country>SY</country>
<protection-request>
<kind-of-protection>patent</kind-of-protection>
</protection-request>
<country>TH</country>
<protection-request>
<kind-of-protection>patent</kind-of-protection>
</protection-request>
<protection-request>
<kind-of-protection>petty-patent</kind-of-protection>
</protection-request>
<country>TJ</country>
<protection-request>
<kind-of-protection>patent</kind-of-protection>
</protection-request>
<protection-request>
<kind-of-protection>petty-patent</kind-of-protection>
</protection-request>
<country>TM</country>
<protection-request>
<kind-of-protection>patent</kind-of-protection>
</protection-request>
<protection-request>
<kind-of-protection>provisional-patent</kind-of-protection>
</protection-request>
<country>TN</country>
<protection-request>
<kind-of-protection>patent</kind-of-protection>
</protection-request>
<country>TR</country>
<protection-request>
<kind-of-protection>patent</kind-of-protection>
</protection-request>
<protection-request>
<kind-of-protection>utility-model</kind-of-protection>
</protection-request>
<country>TT</country>
<protection-request>
<kind-of-protection>patent</kind-of-protection>
</protection-request>
<protection-request>
<kind-of-protection>utility-certificate</kind-of-protection>
</protection-request>
<country>TZ</country>
<protection-request>
<kind-of-protection>patent</kind-of-protection>
</protection-request>
<country>UA</country>
<protection-request>
<kind-of-protection>patent</kind-of-protection>
</protection-request>
<protection-request>
<kind-of-protection>utility-model</kind-of-protection>
</protection-request>
<country>UG</country>
<protection-request>
<kind-of-protection>patent</kind-of-protection>
</protection-request>
<protection-request>
<kind-of-protection>utility-certificate</kind-of-protection>
</protection-request>
<country>US</country>
<protection-request>
<kind-of-protection>patent</kind-of-protection>
</protection-request>
<country>UZ</country>
<protection-request>
<kind-of-protection>patent</kind-of-protection>
</protection-request>
<protection-request>
<kind-of-protection>utility-model</kind-of-protection>
</protection-request>
<country>VC</country>
<protection-request>
<kind-of-protection>patent</kind-of-protection>
</protection-request>
<protection-request>
<kind-of-protection>utility-certificate</kind-of-protection>
</protection-request>
<country>VN</country>
<protection-request>
<kind-of-protection>patent</kind-of-protection>
</protection-request>
<protection-request>
<kind-of-protection>patent-for-utility-solution</kind-of-protection>
</protection-request>
<country>WS</country>
<protection-request>
<kind-of-protection>patent</kind-of-protection>
</protection-request>
<country>ZA</country>
<protection-request>
<kind-of-protection>patent</kind-of-protection>
</protection-request>
<country>ZM</country>
<protection-request>
<kind-of-protection>patent</kind-of-protection>
</protection-request>
<protection-request>
<kind-of-protection>utility-model</kind-of-protection>
</protection-request>
<country>ZW</country>
<protection-request>
<kind-of-protection>patent</kind-of-protection>
</protection-request>
</national>
</designation-pct>
</designation-of-states>
<wo-priority-info>
<priority-claim kind="national" sequence="1">
<country>JP</country>
<doc-number>2023-150635</doc-number>
<date>20230918</date>
</priority-claim>
<priority-claim kind="national" sequence="2">
<country>JP</country>
<doc-number>2023-151787</doc-number>
<date>20230919</date>
</priority-claim>
<priority-claim kind="national" sequence="3">
<country>JP</country>
<doc-number>2023-174791</doc-number>
<date>20231006</date>
</priority-claim>
<priority-claim kind="national" sequence="4">
<country>JP</country>
<doc-number>2023-174037</doc-number>
<date>20231006</date>
</priority-claim>
<priority-claim kind="national" sequence="5">
<country>JP</country>
<doc-number>2023-174180</doc-number>
<date>20231006</date>
</priority-claim>
<priority-claim kind="national" sequence="6">
<country>JP</country>
<doc-number>2023-196029</doc-number>
<date>20231117</date>
</priority-claim>
<priority-claim kind="national" sequence="7">
<country>JP</country>
<doc-number>2023-196327</doc-number>
<date>20231119</date>
</priority-claim>
<priority-claim kind="national" sequence="8">
<country>JP</country>
<doc-number>2024-011380</doc-number>
<date>20240129</date>
</priority-claim>
<priority-claim kind="national" sequence="9">
<country>JP</country>
<doc-number>2024-058388</doc-number>
<date>20240331</date>
</priority-claim>
<priority-claim kind="national" sequence="10">
<country>JP</country>
<doc-number>2024-065053</doc-number>
<date>20240414</date>
</priority-claim>
<priority-claim kind="national" sequence="11">
<country>JP</country>
<doc-number>2024-072096</doc-number>
<date>20240426</date>
</priority-claim>
<priority-claim kind="national" sequence="12">
<country>JP</country>
<doc-number>PCT/JP2024/016620</doc-number>
<date>20240428</date>
</priority-claim>
<priority-claim kind="national" sequence="13">
<country>JP</country>
<doc-number>2024-082974</doc-number>
<date>20240522</date>
</priority-claim>
<priority-claim kind="national" sequence="14">
<country>JP</country>
<doc-number>2024-122912</doc-number>
<date>20240729</date>
</priority-claim>
<priority-claim kind="national" sequence="15">
<country>JP</country>
<doc-number>2024-123704</doc-number>
<date>20240730</date>
</priority-claim>
<priority-claim kind="national" sequence="16">
<country>JP</country>
<doc-number>PCT/JP2024/031881</doc-number>
<date>20240905</date>
</priority-claim>
</wo-priority-info>
<search-authority>
<isa>
<country>JP</country>
</isa>
</search-authority>
<classifications-ipcr>
<classification-ipcr>
<ipc-version-indicator>
<date>20060101</date>
</ipc-version-indicator>
<classification-level>A</classification-level>
<section>G</section>
<class>21</class>
<subclass>B</subclass>
<main-group>3</main-group>
<subgroup>00</subgroup>
<symbol-position>F</symbol-position>
<classification-value>I</classification-value>
<generating-office>
<country>JP</country>
</generating-office>
<classification-status>B</classification-status>
<classification-data-source>H</classification-data-source>
</classification-ipcr>
<classification-ipcr>
<ipc-version-indicator>
<date>20060101</date>
</ipc-version-indicator>
<classification-level>A</classification-level>
<section>G</section>
<class>21</class>
<subclass>B</subclass>
<main-group>1</main-group>
<subgroup>00</subgroup>
<symbol-position>L</symbol-position>
<classification-value>I</classification-value>
<generating-office>
<country>JP</country>
</generating-office>
<classification-status>B</classification-status>
<classification-data-source>H</classification-data-source>
</classification-ipcr>
<classification-ipcr>
<ipc-version-indicator>
<date>20060101</date>
</ipc-version-indicator>
<classification-level>A</classification-level>
<section>G</section>
<class>21</class>
<subclass>B</subclass>
<main-group>1</main-group>
<subgroup>01</subgroup>
<symbol-position>L</symbol-position>
<classification-value>I</classification-value>
<generating-office>
<country>JP</country>
</generating-office>
<classification-status>B</classification-status>
<classification-data-source>H</classification-data-source>
</classification-ipcr>
<classification-ipcr>
<ipc-version-indicator>
<date>20060101</date>
</ipc-version-indicator>
<classification-level>A</classification-level>
<section>G</section>
<class>21</class>
<subclass>B</subclass>
<main-group>1</main-group>
<subgroup>05</subgroup>
<symbol-position>L</symbol-position>
<classification-value>I</classification-value>
<generating-office>
<country>JP</country>
</generating-office>
<classification-status>B</classification-status>
<classification-data-source>H</classification-data-source>
</classification-ipcr>
<classification-ipcr>
<ipc-version-indicator>
<date>20060101</date>
</ipc-version-indicator>
<classification-level>A</classification-level>
<section>G</section>
<class>21</class>
<subclass>B</subclass>
<main-group>1</main-group>
<subgroup>17</subgroup>
<symbol-position>L</symbol-position>
<classification-value>I</classification-value>
<generating-office>
<country>JP</country>
</generating-office>
<classification-status>B</classification-status>
<classification-data-source>H</classification-data-source>
</classification-ipcr>
<classification-ipcr>
<ipc-version-indicator>
<date>20060101</date>
</ipc-version-indicator>
<classification-level>A</classification-level>
<section>G</section>
<class>21</class>
<subclass>G</subclass>
<main-group>1</main-group>
<subgroup>10</subgroup>
<symbol-position>L</symbol-position>
<classification-value>I</classification-value>
<generating-office>
<country>JP</country>
</generating-office>
<classification-status>B</classification-status>
<classification-data-source>H</classification-data-source>
</classification-ipcr>
<classification-ipcr>
<ipc-version-indicator>
<date>20060101</date>
</ipc-version-indicator>
<classification-level>A</classification-level>
<section>G</section>
<class>21</class>
<subclass>J</subclass>
<main-group>3</main-group>
<subgroup>00</subgroup>
<symbol-position>L</symbol-position>
<classification-value>I</classification-value>
<generating-office>
<country>JP</country>
</generating-office>
<classification-status>B</classification-status>
<classification-data-source>H</classification-data-source>
</classification-ipcr>
<classification-ipcr>
<ipc-version-indicator>
<date>20060101</date>
</ipc-version-indicator>
<classification-level>A</classification-level>
<section>G</section>
<class>03</class>
<subclass>F</subclass>
<main-group>7</main-group>
<subgroup>20</subgroup>
<symbol-position>L</symbol-position>
<classification-value>I</classification-value>
<generating-office>
<country>JP</country>
</generating-office>
<classification-status>B</classification-status>
<classification-data-source>H</classification-data-source>
</classification-ipcr>
<classification-ipcr>
<ipc-version-indicator>
<date>20060101</date>
</ipc-version-indicator>
<classification-level>A</classification-level>
<section>G</section>
<class>11</class>
<subclass>B</subclass>
<main-group>7</main-group>
<subgroup>00</subgroup>
<symbol-position>L</symbol-position>
<classification-value>I</classification-value>
<generating-office>
<country>JP</country>
</generating-office>
<classification-status>B</classification-status>
<classification-data-source>H</classification-data-source>
</classification-ipcr>
<classification-ipcr>
<ipc-version-indicator>
<date>20060101</date>
</ipc-version-indicator>
<classification-level>A</classification-level>
<section>G</section>
<class>11</class>
<subclass>B</subclass>
<main-group>7</main-group>
<subgroup>004</subgroup>
<symbol-position>L</symbol-position>
<classification-value>I</classification-value>
<generating-office>
<country>JP</country>
</generating-office>
<classification-status>B</classification-status>
<classification-data-source>H</classification-data-source>
</classification-ipcr>
<classification-ipcr>
<ipc-version-indicator>
<date>20060101</date>
</ipc-version-indicator>
<classification-level>A</classification-level>
<section>G</section>
<class>11</class>
<subclass>B</subclass>
<main-group>7</main-group>
<subgroup>26</subgroup>
<symbol-position>L</symbol-position>
<classification-value>I</classification-value>
<generating-office>
<country>JP</country>
</generating-office>
<classification-status>B</classification-status>
<classification-data-source>H</classification-data-source>
</classification-ipcr>
<classification-ipcr>
<ipc-version-indicator>
<date>20120101</date>
</ipc-version-indicator>
<classification-level>A</classification-level>
<section>G</section>
<class>11</class>
<subclass>B</subclass>
<main-group>7</main-group>
<subgroup>1374</subgroup>
<symbol-position>L</symbol-position>
<classification-value>I</classification-value>
<generating-office>
<country>JP</country>
</generating-office>
<classification-status>B</classification-status>
<classification-data-source>H</classification-data-source>
</classification-ipcr>
<classification-ipcr>
<ipc-version-indicator>
<date>20060101</date>
</ipc-version-indicator>
<classification-level>A</classification-level>
<section>F</section>
<class>04</class>
<subclass>B</subclass>
<main-group>37</main-group>
<subgroup>16</subgroup>
<symbol-position>L</symbol-position>
<classification-value>I</classification-value>
<generating-office>
<country>JP</country>
</generating-office>
<classification-status>B</classification-status>
<classification-data-source>H</classification-data-source>
</classification-ipcr>
<classification-ipcr>
<ipc-version-indicator>
<date>20060101</date>
</ipc-version-indicator>
<classification-level>A</classification-level>
<section>F</section>
<class>04</class>
<subclass>B</subclass>
<main-group>39</main-group>
<subgroup>00</subgroup>
<symbol-position>L</symbol-position>
<classification-value>I</classification-value>
<generating-office>
<country>JP</country>
</generating-office>
<classification-status>B</classification-status>
<classification-data-source>H</classification-data-source>
</classification-ipcr>
<classification-ipcr>
<ipc-version-indicator>
<date>20060101</date>
</ipc-version-indicator>
<classification-level>A</classification-level>
<section>F</section>
<class>04</class>
<subclass>C</subclass>
<main-group>25</main-group>
<subgroup>02</subgroup>
<symbol-position>L</symbol-position>
<classification-value>I</classification-value>
<generating-office>
<country>JP</country>
</generating-office>
<classification-status>B</classification-status>
<classification-data-source>H</classification-data-source>
</classification-ipcr>
<classification-ipcr>
<ipc-version-indicator>
<date>20060101</date>
</ipc-version-indicator>
<classification-level>A</classification-level>
<section>F</section>
<class>41</class>
<subclass>A</subclass>
<main-group>99</main-group>
<subgroup>00</subgroup>
<symbol-position>L</symbol-position>
<classification-value>I</classification-value>
<generating-office>
<country>JP</country>
</generating-office>
<classification-status>B</classification-status>
<classification-data-source>H</classification-data-source>
</classification-ipcr>
<classification-ipcr>
<ipc-version-indicator>
<date>20060101</date>
</ipc-version-indicator>
<classification-level>A</classification-level>
<section>F</section>
<class>41</class>
<subclass>B</subclass>
<main-group>3</main-group>
<subgroup>04</subgroup>
<symbol-position>L</symbol-position>
<classification-value>I</classification-value>
<generating-office>
<country>JP</country>
</generating-office>
<classification-status>B</classification-status>
<classification-data-source>H</classification-data-source>
</classification-ipcr>
<classification-ipcr>
<ipc-version-indicator>
<date>20060101</date>
</ipc-version-indicator>
<classification-level>A</classification-level>
<section>F</section>
<class>41</class>
<subclass>H</subclass>
<main-group>11</main-group>
<subgroup>02</subgroup>
<symbol-position>L</symbol-position>
<classification-value>I</classification-value>
<generating-office>
<country>JP</country>
</generating-office>
<classification-status>B</classification-status>
<classification-data-source>H</classification-data-source>
</classification-ipcr>
<classification-ipcr>
<ipc-version-indicator>
<date>20060101</date>
</ipc-version-indicator>
<classification-level>A</classification-level>
<section>B</section>
<class>63</class>
<subclass>G</subclass>
<main-group>8</main-group>
<subgroup>08</subgroup>
<symbol-position>L</symbol-position>
<classification-value>I</classification-value>
<generating-office>
<country>JP</country>
</generating-office>
<classification-status>B</classification-status>
<classification-data-source>H</classification-data-source>
</classification-ipcr>
<classification-ipcr>
<ipc-version-indicator>
<date>20060101</date>
</ipc-version-indicator>
<classification-level>A</classification-level>
<section>B</section>
<class>63</class>
<subclass>H</subclass>
<main-group>21</main-group>
<subgroup>18</subgroup>
<symbol-position>L</symbol-position>
<classification-value>I</classification-value>
<generating-office>
<country>JP</country>
</generating-office>
<classification-status>B</classification-status>
<classification-data-source>H</classification-data-source>
</classification-ipcr>
<classification-ipcr>
<ipc-version-indicator>
<date>20060101</date>
</ipc-version-indicator>
<classification-level>A</classification-level>
<section>B</section>
<class>64</class>
<subclass>G</subclass>
<main-group>1</main-group>
<subgroup>40</subgroup>
<symbol-position>L</symbol-position>
<classification-value>I</classification-value>
<generating-office>
<country>JP</country>
</generating-office>
<classification-status>B</classification-status>
<classification-data-source>H</classification-data-source>
</classification-ipcr>
<classification-ipcr>
<ipc-version-indicator>
<date>20060101</date>
</ipc-version-indicator>
<classification-level>A</classification-level>
<section>B</section>
<class>64</class>
<subclass>G</subclass>
<main-group>1</main-group>
<subgroup>56</subgroup>
<symbol-position>L</symbol-position>
<classification-value>I</classification-value>
<generating-office>
<country>JP</country>
</generating-office>
<classification-status>B</classification-status>
<classification-data-source>H</classification-data-source>
</classification-ipcr>
<classification-ipcr>
<ipc-version-indicator>
<date>20060101</date>
</ipc-version-indicator>
<classification-level>A</classification-level>
<section>B</section>
<class>65</class>
<subclass>D</subclass>
<main-group>65</main-group>
<subgroup>00</subgroup>
<symbol-position>L</symbol-position>
<classification-value>I</classification-value>
<generating-office>
<country>JP</country>
</generating-office>
<classification-status>B</classification-status>
<classification-data-source>H</classification-data-source>
</classification-ipcr>
<classification-ipcr>
<ipc-version-indicator>
<date>20060101</date>
</ipc-version-indicator>
<classification-level>A</classification-level>
<section>B</section>
<class>65</class>
<subclass>D</subclass>
<main-group>85</main-group>
<subgroup>50</subgroup>
<symbol-position>L</symbol-position>
<classification-value>I</classification-value>
<generating-office>
<country>JP</country>
</generating-office>
<classification-status>B</classification-status>
<classification-data-source>H</classification-data-source>
</classification-ipcr>
<classification-ipcr>
<ipc-version-indicator>
<date>20060101</date>
</ipc-version-indicator>
<classification-level>A</classification-level>
<section>D</section>
<class>06</class>
<subclass>F</subclass>
<main-group>35</main-group>
<subgroup>00</subgroup>
<symbol-position>L</symbol-position>
<classification-value>I</classification-value>
<generating-office>
<country>JP</country>
</generating-office>
<classification-status>B</classification-status>
<classification-data-source>H</classification-data-source>
</classification-ipcr>
<classification-ipcr>
<ipc-version-indicator>
<date>20060101</date>
</ipc-version-indicator>
<classification-level>A</classification-level>
<section>A</section>
<class>61</class>
<subclass>N</subclass>
<main-group>5</main-group>
<subgroup>10</subgroup>
<symbol-position>L</symbol-position>
<classification-value>I</classification-value>
<generating-office>
<country>JP</country>
</generating-office>
<classification-status>B</classification-status>
<classification-data-source>H</classification-data-source>
</classification-ipcr>
<classification-ipcr>
<ipc-version-indicator>
<date>20060101</date>
</ipc-version-indicator>
<classification-level>A</classification-level>
<section>A</section>
<class>61</class>
<subclass>M</subclass>
<main-group>36</main-group>
<subgroup>00</subgroup>
<symbol-position>L</symbol-position>
<classification-value>I</classification-value>
<generating-office>
<country>JP</country>
</generating-office>
<classification-status>B</classification-status>
<classification-data-source>H</classification-data-source>
</classification-ipcr>
</classifications-ipcr>
<figure-to-publish>
<fig-number>21</fig-number>
</figure-to-publish>
</wo-bibliographic-data>
<abstract lang="en">
<p num="0000">[Problem] A study of a system for the nuclear transmutation of starting material atomic nuclei using muons revealed the problem that when a target containing carbon atoms is used as a muon target, the carbon atoms are highly radioactivated via high-energy proton irradiation; thus, there is need for a system that suppresses the radioactivation of a muon target. It is also possible that muons, due to the high speed thereof, will not readily react with target starting material atoms. [Solution] Proposed is a system whereby high-speed muons/cosmic muons generated by a device or by cosmic rays are decelerated by means of an electric field/deceleration means and are bonded to starting material atoms. Proposed are a decelerator using a laser wakefield and a decelerator using an element that forms an electric field. Proposed is a container for a nuclear transmutation furnace. Proposed are a power generation system, battery, submarine, and aircraft/spacecraft/space structure/space exploration robot.</p>
</abstract>
<abstract lang="fr">
<p num="0000">[Problème] Une étude d'un système pour la transmutation nucléaire de noyaux atomiques de matière de départ à l'aide de muons a révélé le problème selon lequel, lorsqu'une cible contenant des atomes de carbone est utilisée en tant que cible de muons, les atomes de carbone sont hautement radioactivés via une irradiation de protons à haute énergie; ainsi, il existe un besoin d'un système qui supprime la radioactivation d'une cible de muons. Il est également possible que des muons, en raison de leur grande vitesse, ne réagissent pas facilement avec des atomes de matière de départ cibles. [Solution] Il est proposé un système grâce auquel des muons/muons cosmiques à grande vitesse générés par un dispositif ou par des rayons cosmiques sont ralentis au moyen d'un champ électrique/moyen de décélération et sont liés à des atomes de matière de départ. L'invention concerne également un décélérateur qui fait appel à un laser wakefield et un décélérateur qui fait appel à un élément qui forme un champ électrique. L'invention concerne un récipient pour un four de transmutation nucléaire. L'invention concerne un système de génération d'énergie, une batterie, un sous-marin, et un aéronef/un engin spatial/une structure spatiale/un robot d'exploration spatiale.</p>
</abstract>
<abstract lang="ja">
<p num="0000">【課題】ミュオンを用いて原料原子核を核変換するシステムを検討する。ミュオン標的に炭素原子を用いた標的を用いると炭素原子が高エネルギーの陽子照射を経て高度に放射化される問題があり、ミュオン標的が放射化しにくくなる系を考案したい。またミュオンは高速のため標的の原料原子と反応しにくい可能性もあった。 【解決手段】装置や宇宙線により生成された高速なミュオン／宇宙ミュオンを電場・減速手段を用いて減速させ原料原子に結合させるシステムを考案する。レーザー航跡場を用いた減速器と電場を形成する素子を用いた減速器を提案する。核変換炉の容器を提案する。発電システム、電池、潜水艦、航空機・宇宙船・宇宙構造物・宇宙探査ロボット等を提案する。</p>
</abstract>
<abstract-figure orientation="L">
<img file="JP2024032823_27032025_pf_fp.g4" he="92MM" img-content="drawing" img-format="tif" wi="276MM"/>
</abstract-figure>
<abstract-figure lang="en" orientation="L">
<img file="JP2024032823_27032025_gz_en.g4" he="92MM" img-content="drawing" img-format="tif" wi="277MM"/>
</abstract-figure>
<abstract-figure lang="fr" orientation="L">
<img file="JP2024032823_27032025_gz_fr.g4" he="114MM" img-content="drawing" img-format="tif" wi="295MM"/>
</abstract-figure>
<front-page>
<doc-page file="000001.tif" he="3560" id="docp000001" type="tif" wi="2540"/>
<doc-page file="000002.tif" he="3560" id="docp000002" type="tif" wi="2540"/>
</front-page>
<description>
<doc-page file="000003.tif" he="3560" id="docp000003" type="tif" wi="2540"/>
<doc-page file="000004.tif" he="3560" id="docp000004" type="tif" wi="2540"/>
<doc-page file="000005.tif" he="3560" id="docp000005" type="tif" wi="2540"/>
<doc-page file="000006.tif" he="3560" id="docp000006" type="tif" wi="2540"/>
<doc-page file="000007.tif" he="3560" id="docp000007" type="tif" wi="2540"/>
<doc-page file="000008.tif" he="3560" id="docp000008" type="tif" wi="2540"/>
<doc-page file="000009.tif" he="3560" id="docp000009" type="tif" wi="2540"/>
<doc-page file="000010.tif" he="3560" id="docp000010" type="tif" wi="2540"/>
<doc-page file="000011.tif" he="3560" id="docp000011" type="tif" wi="2540"/>
<doc-page file="000012.tif" he="3560" id="docp000012" type="tif" wi="2540"/>
<doc-page file="000013.tif" he="3560" id="docp000013" type="tif" wi="2540"/>
<doc-page file="000014.tif" he="3560" id="docp000014" type="tif" wi="2540"/>
<doc-page file="000015.tif" he="3560" id="docp000015" type="tif" wi="2540"/>
<doc-page file="000016.tif" he="3560" id="docp000016" type="tif" wi="2540"/>
<doc-page file="000017.tif" he="3560" id="docp000017" type="tif" wi="2540"/>
<doc-page file="000018.tif" he="3560" id="docp000018" type="tif" wi="2540"/>
<doc-page file="000019.tif" he="3560" id="docp000019" type="tif" wi="2540"/>
<doc-page file="000020.tif" he="3560" id="docp000020" type="tif" wi="2540"/>
<doc-page file="000021.tif" he="3560" id="docp000021" type="tif" wi="2540"/>
<doc-page file="000022.tif" he="3560" id="docp000022" type="tif" wi="2540"/>
<doc-page file="000023.tif" he="3560" id="docp000023" type="tif" wi="2540"/>
<doc-page file="000024.tif" he="3560" id="docp000024" type="tif" wi="2540"/>
<doc-page file="000025.tif" he="3560" id="docp000025" type="tif" wi="2540"/>
<doc-page file="000026.tif" he="3560" id="docp000026" type="tif" wi="2540"/>
<doc-page file="000027.tif" he="3560" id="docp000027" type="tif" wi="2540"/>
<doc-page file="000028.tif" he="3560" id="docp000028" type="tif" wi="2540"/>
<doc-page file="000029.tif" he="3560" id="docp000029" type="tif" wi="2540"/>
<doc-page file="000030.tif" he="3560" id="docp000030" type="tif" wi="2540"/>
<doc-page file="000031.tif" he="3560" id="docp000031" type="tif" wi="2540"/>
<doc-page file="000032.tif" he="3560" id="docp000032" type="tif" wi="2540"/>
<doc-page file="000033.tif" he="3560" id="docp000033" type="tif" wi="2540"/>
<doc-page file="000034.tif" he="3560" id="docp000034" type="tif" wi="2540"/>
<doc-page file="000035.tif" he="3560" id="docp000035" type="tif" wi="2540"/>
<doc-page file="000036.tif" he="3560" id="docp000036" type="tif" wi="2540"/>
<doc-page file="000037.tif" he="3560" id="docp000037" type="tif" wi="2540"/>
<doc-page file="000038.tif" he="3560" id="docp000038" type="tif" wi="2540"/>
<doc-page file="000039.tif" he="3560" id="docp000039" type="tif" wi="2540"/>
<doc-page file="000040.tif" he="3560" id="docp000040" type="tif" wi="2540"/>
<doc-page file="000041.tif" he="3560" id="docp000041" type="tif" wi="2540"/>
<doc-page file="000042.tif" he="3560" id="docp000042" type="tif" wi="2540"/>
<doc-page file="000043.tif" he="3560" id="docp000043" type="tif" wi="2540"/>
<doc-page file="000044.tif" he="3560" id="docp000044" type="tif" wi="2540"/>
<doc-page file="000045.tif" he="3560" id="docp000045" type="tif" wi="2540"/>
<doc-page file="000046.tif" he="3560" id="docp000046" type="tif" wi="2540"/>
<doc-page file="000047.tif" he="3560" id="docp000047" type="tif" wi="2540"/>
<doc-page file="000048.tif" he="3560" id="docp000048" type="tif" wi="2540"/>
<doc-page file="000049.tif" he="3560" id="docp000049" type="tif" wi="2540"/>
<doc-page file="000050.tif" he="3560" id="docp000050" type="tif" wi="2540"/>
<doc-page file="000051.tif" he="3560" id="docp000051" type="tif" wi="2540"/>
<doc-page file="000052.tif" he="3560" id="docp000052" type="tif" wi="2540"/>
<doc-page file="000053.tif" he="3560" id="docp000053" type="tif" wi="2540"/>
<doc-page file="000054.tif" he="3560" id="docp000054" type="tif" wi="2540"/>
<doc-page file="000055.tif" he="3560" id="docp000055" type="tif" wi="2540"/>
<doc-page file="000056.tif" he="3560" id="docp000056" type="tif" wi="2540"/>
<doc-page file="000057.tif" he="3560" id="docp000057" type="tif" wi="2540"/>
<doc-page file="000058.tif" he="3560" id="docp000058" type="tif" wi="2540"/>
<doc-page file="000059.tif" he="3560" id="docp000059" type="tif" wi="2540"/>
<doc-page file="000060.tif" he="3560" id="docp000060" type="tif" wi="2540"/>
<doc-page file="000061.tif" he="3560" id="docp000061" type="tif" wi="2540"/>
<doc-page file="000062.tif" he="3560" id="docp000062" type="tif" wi="2540"/>
<doc-page file="000063.tif" he="3560" id="docp000063" type="tif" wi="2540"/>
<doc-page file="000064.tif" he="3560" id="docp000064" type="tif" wi="2540"/>
<doc-page file="000065.tif" he="3560" id="docp000065" type="tif" wi="2540"/>
<doc-page file="000066.tif" he="3560" id="docp000066" type="tif" wi="2540"/>
<doc-page file="000067.tif" he="3560" id="docp000067" type="tif" wi="2540"/>
<doc-page file="000068.tif" he="3560" id="docp000068" type="tif" wi="2540"/>
<doc-page file="000069.tif" he="3560" id="docp000069" type="tif" wi="2540"/>
<doc-page file="000070.tif" he="3560" id="docp000070" type="tif" wi="2540"/>
<doc-page file="000071.tif" he="3560" id="docp000071" type="tif" wi="2540"/>
<doc-page file="000072.tif" he="3560" id="docp000072" type="tif" wi="2540"/>
<doc-page file="000073.tif" he="3560" id="docp000073" type="tif" wi="2540"/>
<doc-page file="000074.tif" he="3560" id="docp000074" type="tif" wi="2540"/>
<doc-page file="000075.tif" he="3560" id="docp000075" type="tif" wi="2540"/>
<doc-page file="000076.tif" he="3560" id="docp000076" type="tif" wi="2540"/>
<doc-page file="000077.tif" he="3560" id="docp000077" type="tif" wi="2540"/>
<doc-page file="000078.tif" he="3560" id="docp000078" type="tif" wi="2540"/>
<doc-page file="000079.tif" he="3560" id="docp000079" type="tif" wi="2540"/>
<doc-page file="000080.tif" he="3560" id="docp000080" type="tif" wi="2540"/>
<doc-page file="000081.tif" he="3560" id="docp000081" type="tif" wi="2540"/>
<doc-page file="000082.tif" he="3560" id="docp000082" type="tif" wi="2540"/>
<doc-page file="000083.tif" he="3560" id="docp000083" type="tif" wi="2540"/>
<doc-page file="000084.tif" he="3560" id="docp000084" type="tif" wi="2540"/>
<doc-page file="000085.tif" he="3560" id="docp000085" type="tif" wi="2540"/>
<doc-page file="000086.tif" he="3560" id="docp000086" type="tif" wi="2540"/>
<doc-page file="000087.tif" he="3560" id="docp000087" type="tif" wi="2540"/>
<doc-page file="000088.tif" he="3560" id="docp000088" type="tif" wi="2540"/>
<doc-page file="000089.tif" he="3560" id="docp000089" type="tif" wi="2540"/>
<doc-page file="000090.tif" he="3560" id="docp000090" type="tif" wi="2540"/>
<doc-page file="000091.tif" he="3560" id="docp000091" type="tif" wi="2540"/>
<doc-page file="000092.tif" he="3560" id="docp000092" type="tif" wi="2540"/>
<doc-page file="000093.tif" he="3560" id="docp000093" type="tif" wi="2540"/>
<doc-page file="000094.tif" he="3560" id="docp000094" type="tif" wi="2540"/>
<doc-page file="000095.tif" he="3560" id="docp000095" type="tif" wi="2540"/>
<doc-page file="000096.tif" he="3560" id="docp000096" type="tif" wi="2540"/>
<doc-page file="000097.tif" he="3560" id="docp000097" type="tif" wi="2540"/>
<doc-page file="000098.tif" he="3560" id="docp000098" type="tif" wi="2540"/>
<doc-page file="000099.tif" he="3560" id="docp000099" type="tif" wi="2540"/>
<doc-page file="000100.tif" he="3560" id="docp000100" type="tif" wi="2540"/>
<doc-page file="000101.tif" he="3560" id="docp000101" type="tif" wi="2540"/>
<doc-page file="000102.tif" he="3560" id="docp000102" type="tif" wi="2540"/>
<doc-page file="000103.tif" he="3560" id="docp000103" type="tif" wi="2540"/>
<doc-page file="000104.tif" he="3560" id="docp000104" type="tif" wi="2540"/>
<doc-page file="000105.tif" he="3560" id="docp000105" type="tif" wi="2540"/>
<doc-page file="000106.tif" he="3560" id="docp000106" type="tif" wi="2540"/>
<doc-page file="000107.tif" he="3560" id="docp000107" type="tif" wi="2540"/>
<doc-page file="000108.tif" he="3560" id="docp000108" type="tif" wi="2540"/>
<doc-page file="000109.tif" he="3560" id="docp000109" type="tif" wi="2540"/>
<doc-page file="000110.tif" he="3560" id="docp000110" type="tif" wi="2540"/>
<doc-page file="000111.tif" he="3560" id="docp000111" type="tif" wi="2540"/>
<doc-page file="000112.tif" he="3560" id="docp000112" type="tif" wi="2540"/>
<doc-page file="000113.tif" he="3560" id="docp000113" type="tif" wi="2540"/>
<doc-page file="000114.tif" he="3560" id="docp000114" type="tif" wi="2540"/>
<doc-page file="000115.tif" he="3560" id="docp000115" type="tif" wi="2540"/>
<doc-page file="000116.tif" he="3560" id="docp000116" type="tif" wi="2540"/>
<doc-page file="000117.tif" he="3560" id="docp000117" type="tif" wi="2540"/>
<doc-page file="000118.tif" he="3560" id="docp000118" type="tif" wi="2540"/>
<doc-page file="000119.tif" he="3560" id="docp000119" type="tif" wi="2540"/>
<doc-page file="000120.tif" he="3560" id="docp000120" type="tif" wi="2540"/>
<doc-page file="000121.tif" he="3560" id="docp000121" type="tif" wi="2540"/>
<doc-page file="000122.tif" he="3560" id="docp000122" type="tif" wi="2540"/>
<doc-page file="000123.tif" he="3560" id="docp000123" type="tif" wi="2540"/>
<doc-page file="000124.tif" he="3560" id="docp000124" type="tif" wi="2540"/>
<doc-page file="000125.tif" he="3560" id="docp000125" type="tif" wi="2540"/>
<doc-page file="000126.tif" he="3560" id="docp000126" type="tif" wi="2540"/>
<doc-page file="000127.tif" he="3560" id="docp000127" type="tif" wi="2540"/>
<doc-page file="000128.tif" he="3560" id="docp000128" type="tif" wi="2540"/>
<doc-page file="000129.tif" he="3560" id="docp000129" type="tif" wi="2540"/>
<doc-page file="000130.tif" he="3560" id="docp000130" type="tif" wi="2540"/>
<doc-page file="000131.tif" he="3560" id="docp000131" type="tif" wi="2540"/>
<doc-page file="000132.tif" he="3560" id="docp000132" type="tif" wi="2540"/>
<doc-page file="000133.tif" he="3560" id="docp000133" type="tif" wi="2540"/>
<doc-page file="000134.tif" he="3560" id="docp000134" type="tif" wi="2540"/>
<doc-page file="000135.tif" he="3560" id="docp000135" type="tif" wi="2540"/>
<doc-page file="000136.tif" he="3560" id="docp000136" type="tif" wi="2540"/>
<doc-page file="000137.tif" he="3560" id="docp000137" type="tif" wi="2540"/>
<doc-page file="000138.tif" he="3560" id="docp000138" type="tif" wi="2540"/>
<doc-page file="000139.tif" he="3560" id="docp000139" type="tif" wi="2540"/>
<doc-page file="000140.tif" he="3560" id="docp000140" type="tif" wi="2540"/>
<doc-page file="000141.tif" he="3560" id="docp000141" type="tif" wi="2540"/>
<doc-page file="000142.tif" he="3560" id="docp000142" type="tif" wi="2540"/>
<doc-page file="000143.tif" he="3560" id="docp000143" type="tif" wi="2540"/>
<doc-page file="000144.tif" he="3560" id="docp000144" type="tif" wi="2540"/>
<doc-page file="000145.tif" he="3560" id="docp000145" type="tif" wi="2540"/>
<doc-page file="000146.tif" he="3560" id="docp000146" type="tif" wi="2540"/>
<doc-page file="000147.tif" he="3560" id="docp000147" type="tif" wi="2540"/>
<doc-page file="000148.tif" he="3560" id="docp000148" type="tif" wi="2540"/>
<doc-page file="000149.tif" he="3560" id="docp000149" type="tif" wi="2540"/>
<doc-page file="000150.tif" he="3560" id="docp000150" type="tif" wi="2540"/>
<doc-page file="000151.tif" he="3560" id="docp000151" type="tif" wi="2540"/>
<doc-page file="000152.tif" he="3560" id="docp000152" type="tif" wi="2540"/>
<doc-page file="000153.tif" he="3560" id="docp000153" type="tif" wi="2540"/>
<doc-page file="000154.tif" he="3560" id="docp000154" type="tif" wi="2540"/>
<doc-page file="000155.tif" he="3560" id="docp000155" type="tif" wi="2540"/>
<doc-page file="000156.tif" he="3560" id="docp000156" type="tif" wi="2540"/>
<doc-page file="000157.tif" he="3560" id="docp000157" type="tif" wi="2540"/>
<doc-page file="000158.tif" he="3560" id="docp000158" type="tif" wi="2540"/>
<doc-page file="000159.tif" he="3560" id="docp000159" type="tif" wi="2540"/>
<doc-page file="000160.tif" he="3560" id="docp000160" type="tif" wi="2540"/>
<doc-page file="000161.tif" he="3560" id="docp000161" type="tif" wi="2540"/>
<doc-page file="000162.tif" he="3560" id="docp000162" type="tif" wi="2540"/>
<doc-page file="000163.tif" he="3560" id="docp000163" type="tif" wi="2540"/>
<doc-page file="000164.tif" he="3560" id="docp000164" type="tif" wi="2540"/>
<doc-page file="000165.tif" he="3560" id="docp000165" type="tif" wi="2540"/>
<doc-page file="000166.tif" he="3560" id="docp000166" type="tif" wi="2540"/>
<doc-page file="000167.tif" he="3560" id="docp000167" type="tif" wi="2540"/>
<doc-page file="000168.tif" he="3560" id="docp000168" type="tif" wi="2540"/>
<doc-page file="000169.tif" he="3560" id="docp000169" type="tif" wi="2540"/>
<doc-page file="000170.tif" he="3560" id="docp000170" type="tif" wi="2540"/>
<doc-page file="000171.tif" he="3560" id="docp000171" type="tif" wi="2540"/>
<doc-page file="000172.tif" he="3560" id="docp000172" type="tif" wi="2540"/>
<doc-page file="000173.tif" he="3560" id="docp000173" type="tif" wi="2540"/>
<doc-page file="000174.tif" he="3560" id="docp000174" type="tif" wi="2540"/>
<doc-page file="000175.tif" he="3560" id="docp000175" type="tif" wi="2540"/>
<doc-page file="000176.tif" he="3560" id="docp000176" type="tif" wi="2540"/>
<doc-page file="000177.tif" he="3560" id="docp000177" type="tif" wi="2540"/>
<doc-page file="000178.tif" he="3560" id="docp000178" type="tif" wi="2540"/>
<doc-page file="000179.tif" he="3560" id="docp000179" type="tif" wi="2540"/>
<doc-page file="000180.tif" he="3560" id="docp000180" type="tif" wi="2540"/>
<doc-page file="000181.tif" he="3560" id="docp000181" type="tif" wi="2540"/>
<doc-page file="000182.tif" he="3560" id="docp000182" type="tif" wi="2540"/>
<doc-page file="000183.tif" he="3560" id="docp000183" type="tif" wi="2540"/>
<doc-page file="000184.tif" he="3560" id="docp000184" type="tif" wi="2540"/>
<doc-page file="000185.tif" he="3560" id="docp000185" type="tif" wi="2540"/>
<doc-page file="000186.tif" he="3560" id="docp000186" type="tif" wi="2540"/>
<doc-page file="000187.tif" he="3560" id="docp000187" type="tif" wi="2540"/>
<doc-page file="000188.tif" he="3560" id="docp000188" type="tif" wi="2540"/>
<doc-page file="000189.tif" he="3560" id="docp000189" type="tif" wi="2540"/>
<doc-page file="000190.tif" he="3560" id="docp000190" type="tif" wi="2540"/>
<doc-page file="000191.tif" he="3560" id="docp000191" type="tif" wi="2540"/>
<doc-page file="000192.tif" he="3560" id="docp000192" type="tif" wi="2540"/>
<doc-page file="000193.tif" he="3560" id="docp000193" type="tif" wi="2540"/>
<doc-page file="000194.tif" he="3560" id="docp000194" type="tif" wi="2540"/>
<doc-page file="000195.tif" he="3560" id="docp000195" type="tif" wi="2540"/>
<doc-page file="000196.tif" he="3560" id="docp000196" type="tif" wi="2540"/>
<doc-page file="000197.tif" he="3560" id="docp000197" type="tif" wi="2540"/>
<doc-page file="000198.tif" he="3560" id="docp000198" type="tif" wi="2540"/>
<doc-page file="000199.tif" he="3560" id="docp000199" type="tif" wi="2540"/>
<doc-page file="000200.tif" he="3560" id="docp000200" type="tif" wi="2540"/>
<doc-page file="000201.tif" he="3560" id="docp000201" type="tif" wi="2540"/>
<doc-page file="000202.tif" he="3560" id="docp000202" type="tif" wi="2540"/>
<doc-page file="000203.tif" he="3560" id="docp000203" type="tif" wi="2540"/>
<doc-page file="000204.tif" he="3560" id="docp000204" type="tif" wi="2540"/>
<doc-page file="000205.tif" he="3560" id="docp000205" type="tif" wi="2540"/>
<doc-page file="000206.tif" he="3560" id="docp000206" type="tif" wi="2540"/>
<doc-page file="000207.tif" he="3560" id="docp000207" type="tif" wi="2540"/>
<doc-page file="000208.tif" he="3560" id="docp000208" type="tif" wi="2540"/>
<doc-page file="000209.tif" he="3560" id="docp000209" type="tif" wi="2540"/>
<doc-page file="000210.tif" he="3560" id="docp000210" type="tif" wi="2540"/>
<doc-page file="000211.tif" he="3560" id="docp000211" type="tif" wi="2540"/>
<doc-page file="000212.tif" he="3560" id="docp000212" type="tif" wi="2540"/>
<doc-page file="000213.tif" he="3560" id="docp000213" type="tif" wi="2540"/>
<doc-page file="000214.tif" he="3560" id="docp000214" type="tif" wi="2540"/>
<doc-page file="000215.tif" he="3560" id="docp000215" type="tif" wi="2540"/>
<doc-page file="000216.tif" he="3560" id="docp000216" type="tif" wi="2540"/>
<doc-page file="000217.tif" he="3560" id="docp000217" type="tif" wi="2540"/>
<doc-page file="000218.tif" he="3560" id="docp000218" type="tif" wi="2540"/>
<doc-page file="000219.tif" he="3560" id="docp000219" type="tif" wi="2540"/>
<doc-page file="000220.tif" he="3560" id="docp000220" type="tif" wi="2540"/>
<doc-page file="000221.tif" he="3560" id="docp000221" type="tif" wi="2540"/>
<doc-page file="000222.tif" he="3560" id="docp000222" type="tif" wi="2540"/>
<doc-page file="000223.tif" he="3560" id="docp000223" type="tif" wi="2540"/>
<doc-page file="000224.tif" he="3560" id="docp000224" type="tif" wi="2540"/>
<doc-page file="000225.tif" he="3560" id="docp000225" type="tif" wi="2540"/>
<doc-page file="000226.tif" he="3560" id="docp000226" type="tif" wi="2540"/>
<doc-page file="000227.tif" he="3560" id="docp000227" type="tif" wi="2540"/>
<doc-page file="000228.tif" he="3560" id="docp000228" type="tif" wi="2540"/>
<doc-page file="000229.tif" he="3560" id="docp000229" type="tif" wi="2540"/>
<doc-page file="000230.tif" he="3560" id="docp000230" type="tif" wi="2540"/>
<doc-page file="000231.tif" he="3560" id="docp000231" type="tif" wi="2540"/>
<doc-page file="000232.tif" he="3560" id="docp000232" type="tif" wi="2540"/>
<doc-page file="000233.tif" he="3560" id="docp000233" type="tif" wi="2540"/>
<doc-page file="000234.tif" he="3560" id="docp000234" type="tif" wi="2540"/>
<doc-page file="000235.tif" he="3560" id="docp000235" type="tif" wi="2540"/>
<doc-page file="000236.tif" he="3560" id="docp000236" type="tif" wi="2540"/>
<doc-page file="000237.tif" he="3560" id="docp000237" type="tif" wi="2540"/>
<doc-page file="000238.tif" he="3560" id="docp000238" type="tif" wi="2540"/>
<doc-page file="000239.tif" he="3560" id="docp000239" type="tif" wi="2540"/>
<doc-page file="000240.tif" he="3560" id="docp000240" type="tif" wi="2540"/>
<doc-page file="000241.tif" he="3560" id="docp000241" type="tif" wi="2540"/>
<doc-page file="000242.tif" he="3560" id="docp000242" type="tif" wi="2540"/>
<doc-page file="000243.tif" he="3560" id="docp000243" type="tif" wi="2540"/>
<doc-page file="000244.tif" he="3560" id="docp000244" type="tif" wi="2540"/>
<doc-page file="000245.tif" he="3560" id="docp000245" type="tif" wi="2540"/>
<doc-page file="000246.tif" he="3560" id="docp000246" type="tif" wi="2540"/>
<doc-page file="000247.tif" he="3560" id="docp000247" type="tif" wi="2540"/>
<doc-page file="000248.tif" he="3560" id="docp000248" type="tif" wi="2540"/>
<doc-page file="000249.tif" he="3560" id="docp000249" type="tif" wi="2540"/>
<doc-page file="000250.tif" he="3560" id="docp000250" type="tif" wi="2540"/>
<doc-page file="000251.tif" he="3560" id="docp000251" type="tif" wi="2540"/>
<doc-page file="000252.tif" he="3560" id="docp000252" type="tif" wi="2540"/>
<doc-page file="000253.tif" he="3560" id="docp000253" type="tif" wi="2540"/>
<doc-page file="000254.tif" he="3560" id="docp000254" type="tif" wi="2540"/>
<doc-page file="000255.tif" he="3560" id="docp000255" type="tif" wi="2540"/>
<doc-page file="000256.tif" he="3560" id="docp000256" type="tif" wi="2540"/>
<doc-page file="000257.tif" he="3560" id="docp000257" type="tif" wi="2540"/>
<doc-page file="000258.tif" he="3560" id="docp000258" type="tif" wi="2540"/>
<doc-page file="000259.tif" he="3560" id="docp000259" type="tif" wi="2540"/>
<doc-page file="000260.tif" he="3560" id="docp000260" type="tif" wi="2540"/>
<doc-page file="000261.tif" he="3560" id="docp000261" type="tif" wi="2540"/>
<doc-page file="000262.tif" he="3560" id="docp000262" type="tif" wi="2540"/>
<doc-page file="000263.tif" he="3560" id="docp000263" type="tif" wi="2540"/>
<doc-page file="000264.tif" he="3560" id="docp000264" type="tif" wi="2540"/>
<doc-page file="000265.tif" he="3560" id="docp000265" type="tif" wi="2540"/>
<doc-page file="000266.tif" he="3560" id="docp000266" type="tif" wi="2540"/>
<doc-page file="000267.tif" he="3560" id="docp000267" type="tif" wi="2540"/>
<doc-page file="000268.tif" he="3560" id="docp000268" type="tif" wi="2540"/>
<doc-page file="000269.tif" he="3560" id="docp000269" type="tif" wi="2540"/>
<doc-page file="000270.tif" he="3560" id="docp000270" type="tif" wi="2540"/>
<doc-page file="000271.tif" he="3560" id="docp000271" type="tif" wi="2540"/>
<doc-page file="000272.tif" he="3560" id="docp000272" type="tif" wi="2540"/>
<doc-page file="000273.tif" he="3560" id="docp000273" type="tif" wi="2540"/>
<doc-page file="000274.tif" he="3560" id="docp000274" type="tif" wi="2540"/>
<doc-page file="000275.tif" he="3560" id="docp000275" type="tif" wi="2540"/>
<doc-page file="000276.tif" he="3560" id="docp000276" type="tif" wi="2540"/>
<doc-page file="000277.tif" he="3560" id="docp000277" type="tif" wi="2540"/>
<doc-page file="000278.tif" he="3560" id="docp000278" type="tif" wi="2540"/>
<doc-page file="000279.tif" he="3560" id="docp000279" type="tif" wi="2540"/>
<doc-page file="000280.tif" he="3560" id="docp000280" type="tif" wi="2540"/>
<doc-page file="000281.tif" he="3560" id="docp000281" type="tif" wi="2540"/>
<doc-page file="000282.tif" he="3560" id="docp000282" type="tif" wi="2540"/>
<doc-page file="000283.tif" he="3560" id="docp000283" type="tif" wi="2540"/>
<doc-page file="000284.tif" he="3560" id="docp000284" type="tif" wi="2540"/>
<doc-page file="000285.tif" he="3560" id="docp000285" type="tif" wi="2540"/>
<doc-page file="000286.tif" he="3560" id="docp000286" type="tif" wi="2540"/>
<doc-page file="000287.tif" he="3560" id="docp000287" type="tif" wi="2540"/>
<doc-page file="000288.tif" he="3560" id="docp000288" type="tif" wi="2540"/>
<doc-page file="000289.tif" he="3560" id="docp000289" type="tif" wi="2540"/>
<doc-page file="000290.tif" he="3560" id="docp000290" type="tif" wi="2540"/>
<doc-page file="000291.tif" he="3560" id="docp000291" type="tif" wi="2540"/>
<doc-page file="000292.tif" he="3560" id="docp000292" type="tif" wi="2540"/>
<doc-page file="000293.tif" he="3560" id="docp000293" type="tif" wi="2540"/>
<doc-page file="000294.tif" he="3560" id="docp000294" type="tif" wi="2540"/>
<doc-page file="000295.tif" he="3560" id="docp000295" type="tif" wi="2540"/>
<doc-page file="000296.tif" he="3560" id="docp000296" type="tif" wi="2540"/>
<doc-page file="000297.tif" he="3560" id="docp000297" type="tif" wi="2540"/>
<doc-page file="000298.tif" he="3560" id="docp000298" type="tif" wi="2540"/>
<doc-page file="000299.tif" he="3560" id="docp000299" type="tif" wi="2540"/>
<doc-page file="000300.tif" he="3560" id="docp000300" type="tif" wi="2540"/>
<doc-page file="000301.tif" he="3560" id="docp000301" type="tif" wi="2540"/>
<doc-page file="000302.tif" he="3560" id="docp000302" type="tif" wi="2540"/>
<doc-page file="000303.tif" he="3560" id="docp000303" type="tif" wi="2540"/>
<doc-page file="000304.tif" he="3560" id="docp000304" type="tif" wi="2540"/>
<doc-page file="000305.tif" he="3560" id="docp000305" type="tif" wi="2540"/>
<doc-page file="000306.tif" he="3560" id="docp000306" type="tif" wi="2540"/>
<doc-page file="000307.tif" he="3560" id="docp000307" type="tif" wi="2540"/>
<doc-page file="000308.tif" he="3560" id="docp000308" type="tif" wi="2540"/>
<doc-page file="000309.tif" he="3560" id="docp000309" type="tif" wi="2540"/>
<doc-page file="000310.tif" he="3560" id="docp000310" type="tif" wi="2540"/>
<doc-page file="000311.tif" he="3560" id="docp000311" type="tif" wi="2540"/>
<doc-page file="000312.tif" he="3560" id="docp000312" type="tif" wi="2540"/>
<doc-page file="000313.tif" he="3560" id="docp000313" type="tif" wi="2540"/>
<doc-page file="000314.tif" he="3560" id="docp000314" type="tif" wi="2540"/>
<doc-page file="000315.tif" he="3560" id="docp000315" type="tif" wi="2540"/>
<doc-page file="000316.tif" he="3560" id="docp000316" type="tif" wi="2540"/>
<doc-page file="000317.tif" he="3560" id="docp000317" type="tif" wi="2540"/>
<doc-page file="000318.tif" he="3560" id="docp000318" type="tif" wi="2540"/>
<doc-page file="000319.tif" he="3560" id="docp000319" type="tif" wi="2540"/>
<doc-page file="000320.tif" he="3560" id="docp000320" type="tif" wi="2540"/>
<doc-page file="000321.tif" he="3560" id="docp000321" type="tif" wi="2540"/>
<doc-page file="000322.tif" he="3560" id="docp000322" type="tif" wi="2540"/>
<doc-page file="000323.tif" he="3560" id="docp000323" type="tif" wi="2540"/>
<doc-page file="000324.tif" he="3560" id="docp000324" type="tif" wi="2540"/>
<doc-page file="000325.tif" he="3560" id="docp000325" type="tif" wi="2540"/>
<doc-page file="000326.tif" he="3560" id="docp000326" type="tif" wi="2540"/>
<doc-page file="000327.tif" he="3560" id="docp000327" type="tif" wi="2540"/>
<doc-page file="000328.tif" he="3560" id="docp000328" type="tif" wi="2540"/>
<doc-page file="000329.tif" he="3560" id="docp000329" type="tif" wi="2540"/>
<doc-page file="000330.tif" he="3560" id="docp000330" type="tif" wi="2540"/>
<doc-page file="000331.tif" he="3560" id="docp000331" type="tif" wi="2540"/>
<doc-page file="000332.tif" he="3560" id="docp000332" type="tif" wi="2540"/>
<doc-page file="000333.tif" he="3560" id="docp000333" type="tif" wi="2540"/>
<doc-page file="000334.tif" he="3560" id="docp000334" type="tif" wi="2540"/>
<doc-page file="000335.tif" he="3560" id="docp000335" type="tif" wi="2540"/>
<doc-page file="000336.tif" he="3560" id="docp000336" type="tif" wi="2540"/>
<doc-page file="000337.tif" he="3560" id="docp000337" type="tif" wi="2540"/>
<doc-page file="000338.tif" he="3560" id="docp000338" type="tif" wi="2540"/>
<doc-page file="000339.tif" he="3560" id="docp000339" type="tif" wi="2540"/>
<doc-page file="000340.tif" he="3560" id="docp000340" type="tif" wi="2540"/>
<doc-page file="000341.tif" he="3560" id="docp000341" type="tif" wi="2540"/>
<doc-page file="000342.tif" he="3560" id="docp000342" type="tif" wi="2540"/>
<doc-page file="000343.tif" he="3560" id="docp000343" type="tif" wi="2540"/>
<doc-page file="000344.tif" he="3560" id="docp000344" type="tif" wi="2540"/>
<doc-page file="000345.tif" he="3560" id="docp000345" type="tif" wi="2540"/>
<doc-page file="000346.tif" he="3560" id="docp000346" type="tif" wi="2540"/>
<doc-page file="000347.tif" he="3560" id="docp000347" type="tif" wi="2540"/>
<doc-page file="000348.tif" he="3560" id="docp000348" type="tif" wi="2540"/>
<doc-page file="000349.tif" he="3560" id="docp000349" type="tif" wi="2540"/>
<doc-page file="000350.tif" he="3560" id="docp000350" type="tif" wi="2540"/>
<doc-page file="000351.tif" he="3560" id="docp000351" type="tif" wi="2540"/>
<doc-page file="000352.tif" he="3560" id="docp000352" type="tif" wi="2540"/>
<doc-page file="000353.tif" he="3560" id="docp000353" type="tif" wi="2540"/>
<doc-page file="000354.tif" he="3560" id="docp000354" type="tif" wi="2540"/>
<doc-page file="000355.tif" he="3560" id="docp000355" type="tif" wi="2540"/>
<doc-page file="000356.tif" he="3560" id="docp000356" type="tif" wi="2540"/>
<doc-page file="000357.tif" he="3560" id="docp000357" type="tif" wi="2540"/>
<doc-page file="000358.tif" he="3560" id="docp000358" type="tif" wi="2540"/>
<doc-page file="000359.tif" he="3560" id="docp000359" type="tif" wi="2540"/>
<doc-page file="000360.tif" he="3560" id="docp000360" type="tif" wi="2540"/>
<doc-page file="000361.tif" he="3560" id="docp000361" type="tif" wi="2540"/>
<doc-page file="000362.tif" he="3560" id="docp000362" type="tif" wi="2540"/>
<doc-page file="000363.tif" he="3560" id="docp000363" type="tif" wi="2540"/>
<doc-page file="000364.tif" he="3560" id="docp000364" type="tif" wi="2540"/>
<doc-page file="000365.tif" he="3560" id="docp000365" type="tif" wi="2540"/>
<doc-page file="000366.tif" he="3560" id="docp000366" type="tif" wi="2540"/>
<doc-page file="000367.tif" he="3560" id="docp000367" type="tif" wi="2540"/>
<doc-page file="000368.tif" he="3560" id="docp000368" type="tif" wi="2540"/>
<doc-page file="000369.tif" he="3560" id="docp000369" type="tif" wi="2540"/>
<doc-page file="000370.tif" he="3560" id="docp000370" type="tif" wi="2540"/>
<doc-page file="000371.tif" he="3560" id="docp000371" type="tif" wi="2540"/>
<doc-page file="000372.tif" he="3560" id="docp000372" type="tif" wi="2540"/>
<doc-page file="000373.tif" he="3560" id="docp000373" type="tif" wi="2540"/>
<doc-page file="000374.tif" he="3560" id="docp000374" type="tif" wi="2540"/>
<doc-page file="000375.tif" he="3560" id="docp000375" type="tif" wi="2540"/>
<doc-page file="000376.tif" he="3560" id="docp000376" type="tif" wi="2540"/>
<doc-page file="000377.tif" he="3560" id="docp000377" type="tif" wi="2540"/>
<doc-page file="000378.tif" he="3560" id="docp000378" type="tif" wi="2540"/>
<doc-page file="000379.tif" he="3560" id="docp000379" type="tif" wi="2540"/>
<doc-page file="000380.tif" he="3560" id="docp000380" type="tif" wi="2540"/>
<doc-page file="000381.tif" he="3560" id="docp000381" type="tif" wi="2540"/>
<doc-page file="000382.tif" he="3560" id="docp000382" type="tif" wi="2540"/>
<doc-page file="000383.tif" he="3560" id="docp000383" type="tif" wi="2540"/>
<doc-page file="000384.tif" he="3560" id="docp000384" type="tif" wi="2540"/>
<doc-page file="000385.tif" he="3560" id="docp000385" type="tif" wi="2540"/>
<doc-page file="000386.tif" he="3560" id="docp000386" type="tif" wi="2540"/>
<doc-page file="000387.tif" he="3560" id="docp000387" type="tif" wi="2540"/>
<doc-page file="000388.tif" he="3560" id="docp000388" type="tif" wi="2540"/>
<doc-page file="000389.tif" he="3560" id="docp000389" type="tif" wi="2540"/>
<doc-page file="000390.tif" he="3560" id="docp000390" type="tif" wi="2540"/>
<doc-page file="000391.tif" he="3560" id="docp000391" type="tif" wi="2540"/>
<doc-page file="000392.tif" he="3560" id="docp000392" type="tif" wi="2540"/>
<doc-page file="000393.tif" he="3560" id="docp000393" type="tif" wi="2540"/>
<doc-page file="000394.tif" he="3560" id="docp000394" type="tif" wi="2540"/>
<doc-page file="000395.tif" he="3560" id="docp000395" type="tif" wi="2540"/>
<doc-page file="000396.tif" he="3560" id="docp000396" type="tif" wi="2540"/>
<doc-page file="000397.tif" he="3560" id="docp000397" type="tif" wi="2540"/>
<doc-page file="000398.tif" he="3560" id="docp000398" type="tif" wi="2540"/>
<doc-page file="000399.tif" he="3560" id="docp000399" type="tif" wi="2540"/>
<doc-page file="000400.tif" he="3560" id="docp000400" type="tif" wi="2540"/>
<doc-page file="000401.tif" he="3560" id="docp000401" type="tif" wi="2540"/>
<doc-page file="000402.tif" he="3560" id="docp000402" type="tif" wi="2540"/>
<doc-page file="000403.tif" he="3560" id="docp000403" type="tif" wi="2540"/>
<doc-page file="000404.tif" he="3560" id="docp000404" type="tif" wi="2540"/>
<doc-page file="000405.tif" he="3560" id="docp000405" type="tif" wi="2540"/>
<doc-page file="000406.tif" he="3560" id="docp000406" type="tif" wi="2540"/>
<doc-page file="000407.tif" he="3560" id="docp000407" type="tif" wi="2540"/>
<doc-page file="000408.tif" he="3560" id="docp000408" type="tif" wi="2540"/>
<doc-page file="000409.tif" he="3560" id="docp000409" type="tif" wi="2540"/>
<doc-page file="000410.tif" he="3560" id="docp000410" type="tif" wi="2540"/>
<doc-page file="000411.tif" he="3560" id="docp000411" type="tif" wi="2540"/>
<doc-page file="000412.tif" he="3560" id="docp000412" type="tif" wi="2540"/>
<doc-page file="000413.tif" he="3560" id="docp000413" type="tif" wi="2540"/>
<doc-page file="000414.tif" he="3560" id="docp000414" type="tif" wi="2540"/>
<doc-page file="000415.tif" he="3560" id="docp000415" type="tif" wi="2540"/>
<doc-page file="000416.tif" he="3560" id="docp000416" type="tif" wi="2540"/>
<doc-page file="000417.tif" he="3560" id="docp000417" type="tif" wi="2540"/>
<doc-page file="000418.tif" he="3560" id="docp000418" type="tif" wi="2540"/>
<doc-page file="000419.tif" he="3560" id="docp000419" type="tif" wi="2540"/>
<doc-page file="000420.tif" he="3560" id="docp000420" type="tif" wi="2540"/>
<doc-page file="000421.tif" he="3560" id="docp000421" type="tif" wi="2540"/>
<doc-page file="000422.tif" he="3560" id="docp000422" type="tif" wi="2540"/>
<doc-page file="000423.tif" he="3560" id="docp000423" type="tif" wi="2540"/>
<doc-page file="000424.tif" he="3560" id="docp000424" type="tif" wi="2540"/>
<doc-page file="000425.tif" he="3560" id="docp000425" type="tif" wi="2540"/>
<doc-page file="000426.tif" he="3560" id="docp000426" type="tif" wi="2540"/>
<doc-page file="000427.tif" he="3560" id="docp000427" type="tif" wi="2540"/>
<doc-page file="000428.tif" he="3560" id="docp000428" type="tif" wi="2540"/>
<doc-page file="000429.tif" he="3560" id="docp000429" type="tif" wi="2540"/>
<doc-page file="000430.tif" he="3560" id="docp000430" type="tif" wi="2540"/>
<doc-page file="000431.tif" he="3560" id="docp000431" type="tif" wi="2540"/>
<doc-page file="000432.tif" he="3560" id="docp000432" type="tif" wi="2540"/>
<doc-page file="000433.tif" he="3560" id="docp000433" type="tif" wi="2540"/>
<doc-page file="000434.tif" he="3560" id="docp000434" type="tif" wi="2540"/>
<doc-page file="000435.tif" he="3560" id="docp000435" type="tif" wi="2540"/>
<doc-page file="000436.tif" he="3560" id="docp000436" type="tif" wi="2540"/>
<doc-page file="000437.tif" he="3560" id="docp000437" type="tif" wi="2540"/>
<doc-page file="000438.tif" he="3560" id="docp000438" type="tif" wi="2540"/>
<doc-page file="000439.tif" he="3560" id="docp000439" type="tif" wi="2540"/>
<doc-page file="000440.tif" he="3560" id="docp000440" type="tif" wi="2540"/>
<doc-page file="000441.tif" he="3560" id="docp000441" type="tif" wi="2540"/>
<doc-page file="000442.tif" he="3560" id="docp000442" type="tif" wi="2540"/>
<doc-page file="000443.tif" he="3560" id="docp000443" type="tif" wi="2540"/>
<doc-page file="000444.tif" he="3560" id="docp000444" type="tif" wi="2540"/>
<doc-page file="000445.tif" he="3560" id="docp000445" type="tif" wi="2540"/>
<doc-page file="000446.tif" he="3560" id="docp000446" type="tif" wi="2540"/>
<doc-page file="000447.tif" he="3560" id="docp000447" type="tif" wi="2540"/>
<doc-page file="000448.tif" he="3560" id="docp000448" type="tif" wi="2540"/>
<doc-page file="000449.tif" he="3560" id="docp000449" type="tif" wi="2540"/>
<doc-page file="000450.tif" he="3560" id="docp000450" type="tif" wi="2540"/>
<doc-page file="000451.tif" he="3560" id="docp000451" type="tif" wi="2540"/>
<doc-page file="000452.tif" he="3560" id="docp000452" type="tif" wi="2540"/>
<doc-page file="000453.tif" he="3560" id="docp000453" type="tif" wi="2540"/>
<doc-page file="000454.tif" he="3560" id="docp000454" type="tif" wi="2540"/>
<doc-page file="000455.tif" he="3560" id="docp000455" type="tif" wi="2540"/>
<doc-page file="000456.tif" he="3560" id="docp000456" type="tif" wi="2540"/>
<doc-page file="000457.tif" he="3560" id="docp000457" type="tif" wi="2540"/>
<doc-page file="000458.tif" he="3560" id="docp000458" type="tif" wi="2540"/>
<doc-page file="000459.tif" he="3560" id="docp000459" type="tif" wi="2540"/>
<doc-page file="000460.tif" he="3560" id="docp000460" type="tif" wi="2540"/>
<doc-page file="000461.tif" he="3560" id="docp000461" type="tif" wi="2540"/>
<doc-page file="000462.tif" he="3560" id="docp000462" type="tif" wi="2540"/>
<doc-page file="000463.tif" he="3560" id="docp000463" type="tif" wi="2540"/>
<doc-page file="000464.tif" he="3560" id="docp000464" type="tif" wi="2540"/>
<doc-page file="000465.tif" he="3560" id="docp000465" type="tif" wi="2540"/>
<doc-page file="000466.tif" he="3560" id="docp000466" type="tif" wi="2540"/>
<doc-page file="000467.tif" he="3560" id="docp000467" type="tif" wi="2540"/>
<doc-page file="000468.tif" he="3560" id="docp000468" type="tif" wi="2540"/>
<doc-page file="000469.tif" he="3560" id="docp000469" type="tif" wi="2540"/>
<doc-page file="000470.tif" he="3560" id="docp000470" type="tif" wi="2540"/>
<doc-page file="000471.tif" he="3560" id="docp000471" type="tif" wi="2540"/>
<doc-page file="000472.tif" he="3560" id="docp000472" type="tif" wi="2540"/>
<doc-page file="000473.tif" he="3560" id="docp000473" type="tif" wi="2540"/>
<doc-page file="000474.tif" he="3560" id="docp000474" type="tif" wi="2540"/>
<doc-page file="000475.tif" he="3560" id="docp000475" type="tif" wi="2540"/>
<doc-page file="000476.tif" he="3560" id="docp000476" type="tif" wi="2540"/>
<doc-page file="000477.tif" he="3560" id="docp000477" type="tif" wi="2540"/>
</description>
<claims>
<doc-page file="000478.tif" he="3560" id="docp000478" type="tif" wi="2540"/>
<doc-page file="000479.tif" he="3560" id="docp000479" type="tif" wi="2540"/>
<doc-page file="000480.tif" he="3560" id="docp000480" type="tif" wi="2540"/>
</claims>
<drawings>
<doc-page file="000481.tif" he="3560" id="docp000481" type="tif" wi="2540"/>
<doc-page file="000482.tif" he="3560" id="docp000482" type="tif" wi="2540"/>
<doc-page file="000483.tif" he="3560" id="docp000483" type="tif" wi="2540"/>
<doc-page file="000484.tif" he="3560" id="docp000484" type="tif" wi="2540"/>
<doc-page file="000485.tif" he="3560" id="docp000485" type="tif" wi="2540"/>
<doc-page file="000486.tif" he="3560" id="docp000486" type="tif" wi="2540"/>
<doc-page file="000487.tif" he="3560" id="docp000487" type="tif" wi="2540"/>
<doc-page file="000488.tif" he="3560" id="docp000488" type="tif" wi="2540"/>
<doc-page file="000489.tif" he="3560" id="docp000489" type="tif" wi="2540"/>
<doc-page file="000490.tif" he="3560" id="docp000490" type="tif" wi="2540"/>
<doc-page file="000491.tif" he="3560" id="docp000491" type="tif" wi="2540"/>
<doc-page file="000492.tif" he="3560" id="docp000492" type="tif" wi="2540"/>
<doc-page file="000493.tif" he="3560" id="docp000493" type="tif" wi="2540"/>
<doc-page file="000494.tif" he="3560" id="docp000494" type="tif" wi="2540"/>
<doc-page file="000495.tif" he="3560" id="docp000495" type="tif" wi="2540"/>
<doc-page file="000496.tif" he="3560" id="docp000496" type="tif" wi="2540"/>
<doc-page file="000497.tif" he="3560" id="docp000497" type="tif" wi="2540"/>
<doc-page file="000498.tif" he="3560" id="docp000498" type="tif" wi="2540"/>
<doc-page file="000499.tif" he="3560" id="docp000499" type="tif" wi="2540"/>
<doc-page file="000500.tif" he="3560" id="docp000500" type="tif" wi="2540"/>
<doc-page file="000501.tif" he="3560" id="docp000501" type="tif" wi="2540"/>
<doc-page file="000502.tif" he="3560" id="docp000502" type="tif" wi="2540"/>
</drawings>
</wo-published-application>
